Version 1,,,,,,,,,,,,,,,,,,,,,,,,,,,,,,,,,,,,,,,,,,,,,,,,,,,,,,,,,,,,,,,,,,,,,,,,,,,,,,,,,,,,,,,,,,,,,,,,,,,,,,,,,,,,,,,,,,,,,,,,,,,
,,,,,,,,,,,,,,,,,,,,,,,,,,,,,,,,,,,,,,,,,,,,,,,,,,,,,,,,,,,,,,,,,,,,,,,,,,,,,,,,,,,,,,,,,,,,,,,,,,,,,,,,,,,,,,,,,,,,,,,,,,,
Score (Bio),"Diff (Bio, mDa)","Diff (Bio, ppm)",Uncertainty,Fit Score,Enzyme,Hits (Bioconfirm),Links,Seq Loc,Rule,Missed,Mods,Significance,Pred Mods,Sequence,Seq Name,Seq Type,Tgt Seq Mass,AGILENTID,CAS,Compound ID,Name,Cpd,HMP,KEGG,Label,LMP,METLIN,MPPID,NCBI ID,Notes,Swiss-Prot,Hits (DB),Mass (DB),"Diff (DB, mDa)",Formula (DB),"Diff (DB, ppm)",RT (DB),RT Diff (DB),Score (DB),Shared (DB),Unique (DB),"Diff (MFG, mDa)",Mass (MFG),Formula (MFG),"Diff (MFG, ppm)",Score (MFG),Tgt Hit Pos,Score Diff,Abund,Algorithm,Area,Avg Mass,Base Peak,Z Count,CE,MS/MS Count,File,End,Formula,FV,Height,ID Source,ID Techniques Applied,Ions,Polarity,Max Z,Min Z,Modified,Mass,Score,m/z,m/z (prod.),Quality Score,RT,Saturated,Start,Width,Library,Score (Lib),Cpds/Group,Group,Std Dev,Vol %,Vol,Primary Base,Primary Note,ADC% Area,ADC% Height,EIC/TIC% Area,EIC/TIC% Height,TIC% Area,TIC% Height,TWC% Area,TWC% Height,UVA% Area,UVA% Height,UVB% Area,UVB% Height,UVC% Area,UVC% Height,Purity Comments,Purity Result,Purity Value,FIs Conf.,FIs Conf. %,FIs Eval.,Source,"Diff (Tgt, mDa)",Formula (Tgt),"Diff (Tgt, ppm)",RT (Tgt),RT Diff (Tgt),Score (Tgt),Flags (Tgt),Flag Severity (Tgt),Flag Severity Code (Tgt),Mass (Tgt),Sample Name,Sample Type,Instrument Name,Position,User Name,IRM Calibration status
,,,,,,,,,,,,,,,,,,,,,,1,,,Cpd 1: 981.0243,,,,,,,,,,,,,,,,,,,,,,,,,Find by Molecular Feature,,981.3822,980.017,1,,,20140429-388.d,1.169,,,85243,,,3,Negative,-1,-1,,981.0243,,980.017,,71.6,0.693,,0.323,0.322,,,1,1,,0.71,1804214,,,,,,,,,,,,,,,,,,,,,,,,,,,,,,,,,,20140429-388,Sample,Instrument 1,P1-E8,,Success
,,,,,,,,,,,,,,,,,,,,,,2,,,Cpd 2: 389.9741,,,,,,,,,,,,,,,,,,,,,,,,,Find by Molecular Feature,,390.0686,388.9668,1,,,20140429-388.d,1.451,,,24392,,,3,Negative,-1,-1,,389.9741,,388.9668,,100,1.16,,0.953,0.178,,,3,2,,0.09,228693,,,,,,,,,,,,,,,,,,,,,,,,,,,,,,,,,,20140429-388,Sample,Instrument 1,P1-E8,,Success
,,,,,,,,,,,,,,,,,,,,,,3,,,Cpd 3: 249.9637,,,,,,,,,,,,,,,,,,,,,,,,,Find by Molecular Feature,,250.0179,248.9564,1,,,20140429-388.d,1.268,,,10599,,,2,Negative,-1,-1,,249.9637,,248.9564,,100,1.161,,0.97,0.142,,,3,2,,0.04,96094,,,,,,,,,,,,,,,,,,,,,,,,,,,,,,,,,,20140429-388,Sample,Instrument 1,P1-E8,,Success
,,,,,,,,,,,,,,,,,,,,,,4,,,Cpd 4: 319.9714,,,,,,,,,,,,,,,,,,,,,,,,,Find by Molecular Feature,,320.0291,318.9641,1,,,20140429-388.d,1.451,,,20141,,,2,Negative,-1,-1,,319.9714,,318.9641,,100,1.162,,0.903,0.208,,,3,2,,0.09,216465,,,,,,,,,,,,,,,,,,,,,,,,,,,,,,,,,,20140429-388,Sample,Instrument 1,P1-E8,,Success
,,,,,,,,,,,,,,,,,,,,,,5,,,Cpd 5: 303.9753,,,,,,,,,,,,,,,,,,,,,,,,,Find by Molecular Feature,,304.0536,302.968,1,,,20140429-388.d,1.451,,,4917,,,2,Negative,-1,-1,,303.9753,,302.968,,100,1.18,,0.854,0.293,,,12,3,,0.04,94792,,,,,,,,,,,,,,,,,,,,,,,,,,,,,,,,,,20140429-388,Sample,Instrument 1,P1-E8,,Success
,,,,,,,,,,,,,,,,,,,,,,6,,,Cpd 6: 740.0048,,,,,,,,,,,,,,,,,,,,,,,,,Find by Molecular Feature,,740.709,738.9976,1,,,20140429-388.d,1.285,,,3254,,,3,Negative,-1,-1,,740.0048,,738.9976,,92.6,1.183,,1.086,0.115,,,12,3,,0.02,41330,,,,,,,,,,,,,,,,,,,,,,,,,,,,,,,,,,20140429-388,Sample,Instrument 1,P1-E8,,Success
,,,,,,,,,,,,,,,,,,,,,,7,,,Cpd 7: 247.9881,,,,,,,,,,,,,,,,,,,,,,,,,Find by Molecular Feature,,248.0489,246.9808,1,,,20140429-388.d,1.417,,,8718,,,2,Negative,-1,-1,,247.9881,,246.9808,,100,1.186,,1.036,0.201,,,12,3,,0.05,115471,,,,,,,,,,,,,,,,,,,,,,,,,,,,,,,,,,20140429-388,Sample,Instrument 1,P1-E8,,Success
,,,,,,,,,,,,,,,,,,,,,,8,,,Cpd 8: 493.9983,,,,,,,,,,,,,,,,,,,,,,,,,Find by Molecular Feature,,494.121,492.991,1,,,20140429-388.d,1.384,,,3932,,,2,Negative,-1,-1,,493.9983,,492.991,,100,1.188,,1.053,0.174,,,12,3,,0.02,50073,,,,,,,,,,,,,,,,,,,,,,,,,,,,,,,,,,20140429-388,Sample,Instrument 1,P1-E8,,Success
,,,,,,,,,,,,,,,,,,,,,,9,,,Cpd 9: 716.0441,,,,,,,,,,,,,,,,,,,,,,,,,Find by Molecular Feature,,716.2177,715.0368,1,,,20140429-388.d,1.301,,,3298,,,2,Negative,-1,-1,,716.0441,,715.0368,,94.2,1.189,,1.102,0.116,,,12,3,,0.01,28898,,,,,,,,,,,,,,,,,,,,,,,,,,,,,,,,,,20140429-388,Sample,Instrument 1,P1-E8,,Success
,,,,,,,,,,,,,,,,,,,,,,10,,,Cpd 10: 265.9995,,,,,,,,,,,,,,,,,,,,,,,,,Find by Molecular Feature,,266.1113,264.9922,1,,,20140429-388.d,1.417,,,6583,,,3,Negative,-1,-1,,265.9995,,264.9922,,100,1.189,,1.053,0.18,,,12,3,,0.03,72004,,,,,,,,,,,,,,,,,,,,,,,,,,,,,,,,,,20140429-388,Sample,Instrument 1,P1-E8,,Success
,,,,,,,,,,,,,,,,,,,,,,11,,,Cpd 11: 658.0030,,,,,,,,,,,,,,,,,,,,,,,,,Find by Molecular Feature,,658.6371,656.9957,1,,,20140429-388.d,1.335,,,4043,,,3,Negative,-1,-1,,658.003,,656.9957,,100,1.189,,1.069,0.14,,,12,3,,0.02,59339,,,,,,,,,,,,,,,,,,,,,,,,,,,,,,,,,,20140429-388,Sample,Instrument 1,P1-E8,,Success
,,,,,,,,,,,,,,,,,,,,,,12,,,Cpd 12: 329.9922,,,,,,,,,,,,,,,,,,,,,,,,,Find by Molecular Feature,,330.0709,328.9849,1,,,20140429-388.d,1.417,,,12957,,,2,Negative,-1,-1,,329.9922,,328.9849,,100,1.191,,1.036,0.193,,,12,3,,0.07,168331,,,,,,,,,,,,,,,,,,,,,,,,,,,,,,,,,,20140429-388,Sample,Instrument 1,P1-E8,,Success
,,,,,,,,,,,,,,,,,,,,,,13,,,Cpd 13: 373.9770,,,,,,,,,,,,,,,,,,,,,,,,,Find by Molecular Feature,,374.0712,372.9697,1,,,20140429-388.d,1.451,,,5371,,,2,Negative,-1,-1,,373.977,,372.9697,,100,1.192,,0.937,0.237,,,12,3,,0.03,83706,,,,,,,,,,,,,,,,,,,,,,,,,,,,,,,,,,20140429-388,Sample,Instrument 1,P1-E8,,Success
,,,,,,,,,,,,,,,,,,,,,,14,,,Cpd 14: 576.0002,,,,,,,,,,,,,,,,,,,,,,,,,Find by Molecular Feature,,576.6559,574.9929,1,,,20140429-388.d,1.368,,,4553,,,3,Negative,-1,-1,,576.0002,,574.9929,,100,1.193,,1.069,0.154,,,12,3,,0.03,71136,,,,,,,,,,,,,,,,,,,,,,,,,,,,,,,,,,20140429-388,Sample,Instrument 1,P1-E8,,Success
,,,,,,,,,,,,,,,,,,,,,,15,,,Cpd 15: 411.9954,,,,,,,,,,,,,,,,,,,,,,,,,Find by Molecular Feature,,412.0915,410.9882,1,,,20140429-388.d,1.401,,,8921,,,2,Negative,-1,-1,,411.9954,,410.9882,,100,1.195,,1.053,0.178,,,12,3,,0.05,114785,,,,,,,,,,,,,,,,,,,,,,,,,,,,,,,,,,20140429-388,Sample,Instrument 1,P1-E8,,Success
,,,,,,,,,,,,,,,,,,,,,,16,,,Cpd 16: 634.0422,,,,,,,,,,,,,,,,,,,,,,,,,Find by Molecular Feature,,634.2017,633.0349,1,,,20140429-388.d,1.318,,,3296,,,2,Negative,-1,-1,,634.0422,,633.0349,,100,1.195,,1.102,0.127,,,12,3,,0.01,33307,,,,,,,,,,,,,,,,,,,,,,,,,,,,,,,,,,20140429-388,Sample,Instrument 1,P1-E8,,Success
,,,,,,,,,,,,,,,,,,,,,,17,,,Cpd 17: 470.0368,,,,,,,,,,,,,,,,,,,,,,,,,Find by Molecular Feature,,470.1717,469.0296,1,,,20140429-388.d,1.384,,,5133,,,2,Negative,-1,-1,,470.0368,,469.0296,,100,1.199,,1.086,0.148,,,8,4,,0.02,53116,,,,,,,,,,,,,,,,,,,,,,,,,,,,,,,,,,20140429-388,Sample,Instrument 1,P1-E8,,Success
,,,,,,,,,,,,,,,,,,,,,,18,,,Cpd 18: 552.0389,,,,,,,,,,,,,,,,,,,,,,,,,Find by Molecular Feature,,552.1961,551.0316,1,,,20140429-388.d,1.351,,,3497,,,2,Negative,-1,-1,,552.0389,,551.0316,,100,1.202,,1.086,0.138,,,8,4,,0.02,38224,,,,,,,,,,,,,,,,,,,,,,,,,,,,,,,,,,20140429-388,Sample,Instrument 1,P1-E8,,Success
,,,,,,,,,,,,,,,,,,,,,,19,,,Cpd 19: 1104.9980,,,,,,,,,,,,,,,,,,,,,,,,,Find by Molecular Feature,,1105.2511,1103.9908,1,,,20140429-388.d,1.484,,,31613,,,3,Negative,-1,-1,,1104.998,,1103.9908,,80,1.207,,0.472,0.567,,,8,4,,0.32,817073,,,,,,,,,,,,,,,,,,,,,,,,,,,,,,,,,,20140429-388,Sample,Instrument 1,P1-E8,,Success
,,,,,,,,,,,,,,,,,,,,,,20,,,Cpd 20: 388.0340,,,,,,,,,,,,,,,,,,,,,,,,,Find by Molecular Feature,,388.1496,387.0267,1,,,20140429-388.d,1.401,,,8767,,,2,Negative,-1,-1,,388.034,,387.0267,,100,1.207,,1.069,0.162,,,8,4,,0.04,100381,,,,,,,,,,,,,,,,,,,,,,,,,,,,,,,,,,20140429-388,Sample,Instrument 1,P1-E8,,Success
,,,,,,,,,,,,,,,,,,,,,,21,,,Cpd 21: 306.0307,,,,,,,,,,,,,,,,,,,,,,,,,Find by Molecular Feature,,306.1322,305.0234,1,,,20140429-388.d,1.401,,,7061,,,2,Negative,-1,-1,,306.0307,,305.0234,,100,1.207,,1.069,0.167,,,8,4,,0.03,83309,,,,,,,,,,,,,,,,,,,,,,,,,,,,,,,,,,20140429-388,Sample,Instrument 1,P1-E8,,Success
,,,,,,,,,,,,,,,,,,,,,,22,,,Cpd 22: 259.9877,,,,,,,,,,,,,,,,,,,,,,,,,Find by Molecular Feature,,259.9877,518.9672,1,,,20140429-388.d,1.384,,,1761,,,2,Negative,-1,-1,,259.9877,,518.9672,,80,1.213,,1.069,0.181,,,8,4,0.0016,0.02,46589,,,,,,,,,,,,,,,,,,,,,,,,,,,,,,,,,,20140429-388,Sample,Instrument 1,P1-E8,,Success
,,,,,,,,,,,,,,,,,,,,,,23,,,Cpd 23: 496.0129,,,,,,,,,,,,,,,,,,,,,,,,,Find by Molecular Feature,,496.1309,495.0056,1,,,20140429-388.d,1.368,,,3700,,,2,Negative,-1,-1,,496.0129,,495.0056,,100,1.213,,1.086,0.155,,,8,4,,0.02,41987,,,,,,,,,,,,,,,,,,,,,,,,,,,,,,,,,,20140429-388,Sample,Instrument 1,P1-E8,,Success
,,,,,,,,,,,,,,,,,,,,,,24,,,Cpd 24: 357.9842,,,,,,,,,,,,,,,,,,,,,,,,,Find by Molecular Feature,,358.0593,356.977,1,,,20140429-388.d,1.534,,,18585,,,2,Negative,-1,-1,,357.9842,,356.977,,100,1.215,,0.97,0.243,,,8,4,,0.13,330259,,,,,,,,,,,,,,,,,,,,,,,,,,,,,,,,,,20140429-388,Sample,Instrument 1,P1-E8,,Success
,,,,,,,,,,,,,,,,,,,,,,25,,,Cpd 25: 250.0034,,,,,,,,,,,,,,,,,,,,,,,,,Find by Molecular Feature,,250.0789,248.9961,1,,,20140429-388.d,1.484,,,41642,,,3,Negative,-1,-1,,250.0034,,248.9961,,100,1.223,,1.019,0.195,,,2,5,,0.23,573484,,,,,,,,,,,,,,,,,,,,,,,,,,,,,,,,,,20140429-388,Sample,Instrument 1,P1-E8,,Success
,,,,,,,,,,,,,,,,,,,,,,26,,,Cpd 26: 414.0095,,,,,,,,,,,,,,,,,,,,,,,,,Find by Molecular Feature,,414.0984,413.0022,1,,,20140429-388.d,1.384,,,3573,,,2,Negative,-1,-1,,414.0095,,413.0022,,100,1.224,,1.086,0.162,,,2,5,,0.02,40284,,,,,,,,,,,,,,,,,,,,,,,,,,,,,,,,,,20140429-388,Sample,Instrument 1,P1-E8,,Success
,,,,,,,,,,,,,,,,,,,,,,27,,,Cpd 27: 359.9544,,,,,,,,,,,,,,,,,,,,,,,,,Find by Molecular Feature,,360.3686,358.9471,1,,,20140429-388.d,1.417,,,2802,,,3,Negative,-1,-1,,359.9544,,358.9471,,95.6,1.291,,1.086,0.165,,,3,6,,0.02,40071,,,,,,,,,,,,,,,,,,,,,,,,,,,,,,,,,,20140429-388,Sample,Instrument 1,P1-E8,,Success
,,,,,,,,,,,,,,,,,,,,,,28,,,Cpd 28: 767.7416,,,,,,,,,,,,,,,,,,,,,,,,,Find by Molecular Feature,,768.0128,254.9066,1,,,20140429-388.d,1.434,,,1464,,,2,Negative,-3,-3,,767.7416,,254.9066,,80,1.294,,0.97,0.255,,,3,6,,0.01,21304,,,,,,,,,,,,,,,,,,,,,,,,,,,,,,,,,,20140429-388,Sample,Instrument 1,P1-E8,,Success
,,,,,,,,,,,,,,,,,,,,,,29,,,Cpd 29: 277.9512,,,,,,,,,,,,,,,,,,,,,,,,,Find by Molecular Feature,,278.2983,276.9439,1,,,20140429-388.d,1.417,,,3016,,,3,Negative,-1,-1,,277.9512,,276.9439,,100,1.299,,1.169,0.137,,,3,6,,0.01,36251,,,,,,,,,,,,,,,,,,,,,,,,,,,,,,,,,,20140429-388,Sample,Instrument 1,P1-E8,,Success
,,,,,,,,,,,,,,,,,,,,,,30,,,Cpd 30: 441.9009,,,,,,,,,,,,,,,,,,,,,,,,,Find by Molecular Feature,,442.1812,440.8937,1,,,20140429-388.d,1.401,,,956,,,2,Negative,-1,-1,,441.9009,,440.8937,,92.6,1.315,,1.218,0.119,,,2,7,,0,9506,,,,,,,,,,,,,,,,,,,,,,,,,,,,,,,,,,20140429-388,Sample,Instrument 1,P1-E8,,Success
,,,,,,,,,,,,,,,,,,,,,,31,,,Cpd 31: 359.8985,,,,,,,,,,,,,,,,,,,,,,,,,Find by Molecular Feature,,360.4207,358.8912,1,,,20140429-388.d,1.401,,,2105,,,3,Negative,-1,-1,,359.8985,,358.8912,,99.6,1.331,,1.202,0.121,,,2,7,,0.01,20245,,,,,,,,,,,,,,,,,,,,,,,,,,,,,,,,,,20140429-388,Sample,Instrument 1,P1-E8,,Success
,,,,,,,,,,,,,,,,,,,,,,32,,,Cpd 32: 956.9790,,,,,,,,,,,,,,,,,,,,,,,,,Find by Molecular Feature,,957.66,955.9718,1,,,20140429-388.d,1.65,,,28331,,,4,Negative,-1,-1,,956.979,,955.9718,,100,1.44,,1.252,0.196,,,1,8,,0.23,570067,,,,,,,,,,,,,,,,,,,,,,,,,,,,,,,,,,20140429-388,Sample,Instrument 1,P1-E8,,Success
,,,,,,,,,,,,,,,,,,,,,,33,,,Cpd 33: 983.9986,,,,,,,,,,,,,,,,,,,,,,,,,Find by Molecular Feature,,984.2175,982.9913,1,,,20140429-388.d,1.782,,,47840,,,3,Negative,-1,-1,,983.9986,,982.9913,,100,1.508,,1.285,0.259,,,1,9,,0.41,1033332,,,,,,,,,,,,,,,,,,,,,,,,,,,,,,,,,,20140429-388,Sample,Instrument 1,P1-E8,,Success
,,,,,,,,,,,,,,,,,,,,,,34,,,Cpd 34: 967.0081,,,,,,,,,,,,,,,,,,,,,,,,,Find by Molecular Feature,,967.2067,966.0009,1,,,20140429-388.d,1.799,,,5482,,,2,Negative,-1,-1,,967.0081,,966.0009,,100,1.56,,1.351,0.286,,,3,10,,0.05,116757,,,,,,,,,,,,,,,,,,,,,,,,,,,,,,,,,,20140429-388,Sample,Instrument 1,P1-E8,,Success
,,,,,,,,,,,,,,,,,,,,,,35,,,Cpd 35: 673.1104,,,,,,,,,,,,,,,,,,,,,,,,,Find by Molecular Feature,,673.3543,672.1031,1,,,20140429-388.d,1.666,,,1321,,,2,Negative,-1,-1,,673.1104,,672.1031,,88.7,1.569,,1.484,0.107,,,3,10,,0.01,12992,,,,,,,,,,,,,,,,,,,,,,,,,,,,,,,,,,20140429-388,Sample,Instrument 1,P1-E8,,Success
,,,,,,,,,,,,,,,,,,,,,,36,,,Cpd 36: 646.0934,,,,,,,,,,,,,,,,,,,,,,,,,Find by Molecular Feature,,646.7621,645.0861,1,,,20140429-388.d,1.699,,,1024,,,3,Negative,-1,-1,,646.0934,,645.0861,,100,1.571,,1.467,0.128,,,3,10,,0.01,14123,,,,,,,,,,,,,,,,,,,,,,,,,,,,,,,,,,20140429-388,Sample,Instrument 1,P1-E8,,Success
,,,,,,,,,,,,,,,,,,,,,,37,,,Cpd 37: 588.1327,,,,,,,,,,,,,,,,,,,,,,,,,Find by Molecular Feature,,588.4212,587.1255,1,,,20140429-388.d,2.031,,,12455,,,3,Negative,-1,-1,,588.1327,,587.1255,,100,1.608,,1.401,0.247,,,1,11,,0.09,223887,,,,,,,,,,,,,,,,,,,,,,,,,,,,,,,,,,20140429-388,Sample,Instrument 1,P1-E8,,Success
,,,,,,,,,,,,,,,,,,,,,,38,,,Cpd 38: 345.0025,,,,,,,,,,,,,,,,,,,,,,,,,Find by Molecular Feature,,345.3142,343.9952,1,,,20140429-388.d,1.998,,,4165,,,3,Negative,-1,-1,,345.0025,,343.9952,,100,1.668,,1.534,0.215,,,2,12,,0.03,63632,,,,,,,,,,,,,,,,,,,,,,,,,,,,,,,,,,20140429-388,Sample,Instrument 1,P1-E8,,Success
,,,,,,,,,,,,,,,,,,,,,,39,,,Cpd 39: 301.0123,,,,,,,,,,,,,,,,,,,,,,,,,Find by Molecular Feature,,301.1851,300.005,1,,,20140429-388.d,2.014,,,2143,,,2,Negative,-1,-1,,301.0123,,300.005,,100,1.674,,1.534,0.236,,,2,12,,0.01,33832,,,,,,,,,,,,,,,,,,,,,,,,,,,,,,,,,,20140429-388,Sample,Instrument 1,P1-E8,,Success
,,,,,,,,,,,,,,,,,,,,,,40,,,Cpd 40: 893.1731,,,,,,,,,,,,,,,,,,,,,,,,,Find by Molecular Feature,,893.598,892.1659,2,,,20140429-388.d,1.998,,,5541,,,6,Negative,-1,-2,,893.1731,,892.1659,,100,1.728,,1.567,0.172,,,2,13,0.0003,0.05,123665,,,,,,,,,,,,,,,,,,,,,,,,,,,,,,,,,,20140429-388,Sample,Instrument 1,P1-E8,,Success
,,,,,,,,,,,,,,,,,,,,,,41,,,Cpd 41: 915.1559,,,,,,,,,,,,,,,,,,,,,,,,,Find by Molecular Feature,,915.4151,914.1486,1,,,20140429-388.d,1.898,,,2179,,,2,Negative,-1,-1,,915.1559,,914.1486,,100,1.74,,1.6,0.174,,,2,13,,0.01,32097,,,,,,,,,,,,,,,,,,,,,,,,,,,,,,,,,,20140429-388,Sample,Instrument 1,P1-E8,,Success
,,,,,,,,,,,,,,,,,,,,,,42,,,Cpd 42: 354.0046,,,,,,,,,,,,,,,,,,,,,,,,,Find by Molecular Feature,,354.1823,352.9973,1,,,20140429-388.d,1.948,,,1943,,,2,Negative,-1,-1,,354.0046,,352.9973,,100,1.796,,1.683,0.15,,,3,14,,0.01,23210,,,,,,,,,,,,,,,,,,,,,,,,,,,,,,,,,,20140429-388,Sample,Instrument 1,P1-E8,,Success
,,,,,,,,,,,,,,,,,,,,,,43,,,Cpd 43: 1082.9060,,,,,,,,,,,,,,,,,,,,,,,,,Find by Molecular Feature,,1084.4377,1081.8987,1,,,20140429-388.d,2.048,,,4161,,,5,Negative,-1,-1,,1082.906,,1081.8987,,100,1.801,,1.666,0.182,,,3,14,,0.05,131323,,,,,,,,,,,,,,,,,,,,,,,,,,,,,,,,,,20140429-388,Sample,Instrument 1,P1-E8,,Success
,,,,,,,,,,,,,,,,,,,,,,44,,,Cpd 44: 1034.9951,,,,,,,,,,,,,,,,,,,,,,,,,Find by Molecular Feature,,1035.2353,1033.9878,1,,,20140429-388.d,2.844,,,28171,,,3,Negative,-1,-1,,1034.9951,,1033.9878,,80,1.809,,1.301,0.632,,,3,14,,0.51,1295354,,,,,,,,,,,,,,,,,,,,,,,,,,,,,,,,,,20140429-388,Sample,Instrument 1,P1-E8,,Success
,,,,,,,,,,,,,,,,,,,,,,45,,,Cpd 45: 356.0013,,,,,,,,,,,,,,,,,,,,,,,,,Find by Molecular Feature,,357.1272,354.9941,1,,,20140429-388.d,1.981,,,1451,,,4,Negative,-1,-1,,356.0013,,354.9941,,100,1.818,,1.683,0.163,,,1,15,,0.01,29817,,,,,,,,,,,,,,,,,,,,,,,,,,,,,,,,,,20140429-388,Sample,Instrument 1,P1-E8,,Success
,,,,,,,,,,,,,,,,,,,,,,46,,,Cpd 46: 610.1434,,,,,,,,,,,,,,,,,,,,,,,,,Find by Molecular Feature,,610.3756,609.1361,1,,,20140429-388.d,2.081,,,1081,,,2,Negative,-1,-1,,610.1434,,609.1361,,79.5,1.85,,1.716,0.219,,,1,16,,0.01,18248,,,,,,,,,,,,,,,,,,,,,,,,,,,,,,,,,,20140429-388,Sample,Instrument 1,P1-E8,,Success
,,,,,,,,,,,,,,,,,,,,,,47,,,Cpd 47: 329.0532,,,,,,,,,,,,,,,,,,,,,,,,,Find by Molecular Feature,,329.2082,328.0459,1,,,20140429-388.d,2.131,,,1457,,,2,Negative,-1,-1,,329.0532,,328.0459,,100,1.885,,1.749,0.202,,,1,17,,0.01,20666,,,,,,,,,,,,,,,,,,,,,,,,,,,,,,,,,,20140429-388,Sample,Instrument 1,P1-E8,,Success
,,,,,,,,,,,,,,,,,,,,,,48,,,Cpd 48: 417.9927,,,,,,,,,,,,,,,,,,,,,,,,,Find by Molecular Feature,,418.4703,416.9855,1,,,20140429-388.d,2.761,,,3621,,,3,Negative,-1,-1,,417.9927,,416.9855,,100,2.173,,1.749,0.553,,,2,18,,0.07,172963,,,,,,,,,,,,,,,,,,,,,,,,,,,,,,,,,,20140429-388,Sample,Instrument 1,P1-E8,,Success
,,,,,,,,,,,,,,,,,,,,,,49,,,Cpd 49: 347.0637,,,,,,,,,,,,,,,,,,,,,,,,,Find by Molecular Feature,,347.2015,346.0564,1,,,20140429-388.d,2.628,,,2541,,,2,Negative,-1,-1,,347.0637,,346.0564,,100,2.182,,1.865,0.373,,,2,18,,0.02,59512,,,,,,,,,,,,,,,,,,,,,,,,,,,,,,,,,,20140429-388,Sample,Instrument 1,P1-E8,,Success
,,,,,,,,,,,,,,,,,,,,,,50,,,Cpd 50: 375.9906,,,,,,,,,,,,,,,,,,,,,,,,,Find by Molecular Feature,,376.5526,374.9833,1,,,20140429-388.d,2.545,,,1369,,,3,Negative,-1,-1,,375.9906,,374.9833,,80,2.273,,1.898,0.402,,,1,19,,0.02,45067,,,,,,,,,,,,,,,,,,,,,,,,,,,,,,,,,,20140429-388,Sample,Instrument 1,P1-E8,,Success
,,,,,,,,,,,,,,,,,,,,,,51,,,Cpd 51: 651.0548,,,,,,,,,,,,,,,,,,,,,,,,,Find by Molecular Feature,,651.4729,650.0475,1,,,20140429-388.d,2.694,,,2865,,,3,Negative,-1,-1,,651.0548,,650.0475,,100,2.358,,2.131,0.256,,,1,20,,0.02,61234,,,,,,,,,,,,,,,,,,,,,,,,,,,,,,,,,,20140429-388,Sample,Instrument 1,P1-E8,,Success
,,,,,,,,,,,,,,,,,,,,,,52,,,Cpd 52: 1041.0443,,,,,,,,,,,,,,,,,,,,,,,,,Find by Molecular Feature,,1042.4111,1042.0326,1,,,20140429-388.d,2.777,,,2537,,,4,Negative,-1,-1,,1041.0443,,1040.037,,80,2.547,,2.296,0.262,,,3,21,,0.03,84759,,,,,,,,,,,,,,,,,,,,,,,,,,,,,,,,,,20140429-388,Sample,Instrument 1,P1-E8,,Success
,,,,,,,,,,,,,,,,,,,,,,53,,,Cpd 53: 280.0246,,,,,,,,,,,,,,,,,,,,,,,,,Find by Molecular Feature,,280.1561,279.0173,1,,,20140429-388.d,2.827,,,1630,,,2,Negative,-1,-1,,280.0246,,279.0173,,85.1,2.561,,2.346,0.226,,,3,21,,0.01,23195,,,,,,,,,,,,,,,,,,,,,,,,,,,,,,,,,,20140429-388,Sample,Instrument 1,P1-E8,,Success
,,,,,,,,,,,,,,,,,,,,,,54,,,Cpd 54: 388.0069,,,,,,,,,,,,,,,,,,,,,,,,,Find by Molecular Feature,,388.1699,386.9996,1,,,20140429-388.d,2.81,,,1215,,,2,Negative,-1,-1,,388.0069,,386.9996,,100,2.561,,2.412,0.212,,,3,21,,0.01,16817,,,,,,,,,,,,,,,,,,,,,,,,,,,,,,,,,,20140429-388,Sample,Instrument 1,P1-E8,,Success
,,,,,,,,,,,,,,,,,,,,,,55,,,Cpd 55: 669.0661,,,,,,,,,,,,,,,,,,,,,,,,,Find by Molecular Feature,,669.427,668.0588,1,,,20140429-388.d,3.441,,,7212,,,3,Negative,-1,-1,,669.0661,,668.0588,,100,2.913,,2.628,0.323,,,1,22,,0.07,179295,,,,,,,,,,,,,,,,,,,,,,,,,,,,,,,,,,20140429-388,Sample,Instrument 1,P1-E8,,Success
,,,,,,,,,,,,,,,,,,,,,,56,,,Cpd 56: 1222.2263,,,,,,,,,,,,,,,,,,,,,,,,,Find by Molecular Feature,,1222.7276,610.1059,2,,,20140429-388.d,3.092,,,9383,,,5,Negative,-1,-2,,1222.2263,,610.1059,,87,2.992,,2.744,0.176,,,1,23,0,0.08,211909,,,,,,,,,,,,,,,,,,,,,,,,,,,,,,,,,,20140429-388,Sample,Instrument 1,P1-E8,,Success
,,,,,,,,,,,,,,,,,,,,,,57,,,Cpd 57: 1266.1858,,,,,,,,,,,,,,,,,,,,,,,,,Find by Molecular Feature,,1266.6368,632.0847,2,,,20140429-388.d,3.523,,,766,,,4,Negative,-1,-2,,1266.1858,,632.0847,,95.4,3.328,,3.175,0.166,,,4,24,0.0041,0.01,18794,,,,,,,,,,,,,,,,,,,,,,,,,,,,,,,,,,20140429-388,Sample,Instrument 1,P1-E8,,Success
,,,,,,,,,,,,,,,,,,,,,,58,,,Cpd 58: 1244.2076,,,,,,,,,,,,,,,,,,,,,,,,,Find by Molecular Feature,,1244.7867,621.0968,2,,,20140429-388.d,3.723,,,5745,,,6,Negative,-1,-2,,1244.2076,,621.0968,,100,3.331,,2.943,0.276,,,4,24,0.0039,0.07,180591,,,,,,,,,,,,,,,,,,,,,,,,,,,,,,,,,,20140429-388,Sample,Instrument 1,P1-E8,,Success
,,,,,,,,,,,,,,,,,,,,,,59,,,Cpd 59: 1260.1722,,,,,,,,,,,,,,,,,,,,,,,,,Find by Molecular Feature,,1260.6311,629.0788,2,,,20140429-388.d,3.64,,,2062,,,5,Negative,-1,-2,,1260.1722,,629.0788,,100,3.332,,2.976,0.26,,,4,24,0,0.03,70118,,,,,,,,,,,,,,,,,,,,,,,,,,,,,,,,,,20140429-388,Sample,Instrument 1,P1-E8,,Success
,,,,,,,,,,,,,,,,,,,,,,60,,,Cpd 60: 1222.2260,,,,,,,,,,,,,,,,,,,,,,,,,Find by Molecular Feature,,1222.7995,610.1059,2,,,20140429-388.d,3.855,,,30282,,,8,Negative,-1,-2,,1222.226,,610.1059,,100,3.335,,2.96,0.286,,,4,24,0.0021,0.39,988094,,,,,,,,,,,,,,,,,,,,,,,,,,,,,,,,,,20140429-388,Sample,Instrument 1,P1-E8,,Success
,,,,,,,,,,,,,,,,,,,,,,61,,,Cpd 61: 956.0945,,,,,,,,,,,,,,,,,,,,,,,,,Find by Molecular Feature,,956.4097,955.0876,2,,,20140429-388.d,3.772,,,5056,,,3,Negative,-1,-2,,956.0945,,955.0876,,99.8,3.555,,3.391,0.181,,,1,25,0.0048,0.03,73936,,,,,,,,,,,,,,,,,,,,,,,,,,,,,,,,,,20140429-388,Sample,Instrument 1,P1-E8,,Success
,,,,,,,,,,,,,,,,,,,,,,62,,,Cpd 62: 1250.2220,,,,,,,,,,,,,,,,,,,,,,,,,Find by Molecular Feature,,1250.5717,624.1037,1,,,20140429-388.d,3.955,,,824,,,2,Negative,-2,-2,,1250.222,,624.1037,,80,3.76,,3.573,0.216,,,1,26,,0.01,17313,,,,,,,,,,,,,,,,,,,,,,,,,,,,,,,,,,20140429-388,Sample,Instrument 1,P1-E8,,Success
,,,,,,,,,,,,,,,,,,,,,,63,,,Cpd 63: 998.1257,,,,,,,,,,,,,,,,,,,,,,,,,Find by Molecular Feature,,998.2645,997.1108,2,,,20140429-388.d,4.253,,,903,,,3,Negative,-1,-2,,998.1257,,997.1108,,75.7,4.051,,3.822,0.242,,,1,27,0.0124,0.01,20699,,,,,,,,,,,,,,,,,,,,,,,,,,,,,,,,,,20140429-388,Sample,Instrument 1,P1-E8,,Success
,,,,,,,,,,,,,,,,,,,,,,64,,,Cpd 64: 974.1065,,,,,,,,,,,,,,,,,,,,,,,,,Find by Molecular Feature,,974.5811,973.099,2,,,20140429-388.d,4.767,,,9082,,,6,Negative,-1,-2,,974.1065,,973.099,,99.8,4.154,,3.855,0.387,,,1,28,0.001,0.16,400923,,,,,,,,,,,,,,,,,,,,,,,,,,,,,,,,,,20140429-388,Sample,Instrument 1,P1-E8,,Success
,,,,,,,,,,,,,,,,,,,,,,65,,,Cpd 65: 1588.1827,,,,,,,,,,,,,,,,,,,,,,,,,Find by Molecular Feature,,1588.873,793.0841,1,,,20140429-388.d,4.95,,,1125,,,3,Negative,-2,-2,,1588.1827,,793.0841,,97.3,4.739,,4.601,0.224,,,1,29,,0.01,27413,,,,,,,,,,,,,,,,,,,,,,,,,,,,,,,,,,20140429-388,Sample,Instrument 1,P1-E8,,Success
,,,,,,,,,,,,,,,,,,,,,,66,,,Cpd 66: 1566.1982,,,,,,,,,,,,,,,,,,,,,,,,,Find by Molecular Feature,,1566.8338,782.0918,1,,,20140429-388.d,5.082,,,2977,,,3,Negative,-2,-2,,1566.1982,,782.0918,,100,4.766,,4.535,0.275,,,5,30,,0.04,94294,,,,,,,,,,,,,,,,,,,,,,,,,,,,,,,,,,20140429-388,Sample,Instrument 1,P1-E8,,Success
,,,,,,,,,,,,,,,,,,,,,,67,,,Cpd 67: 1528.2512,,,,,,,,,,,,,,,,,,,,,,,,,Find by Molecular Feature,,1528.968,763.1183,3,,,20140429-388.d,5.348,,,38729,,,9,Negative,-1,-3,,1528.2512,,763.1183,,100,4.767,,4.402,0.316,,,5,30,0.0047,0.59,1479496,,,,,,,,,,,,,,,,,,,,,,,,,,,,,,,,,,20140429-388,Sample,Instrument 1,P1-E8,,Success
,,,,,,,,,,,,,,,,,,,,,,68,,,Cpd 68: 1550.2316,,,,,,,,,,,,,,,,,,,,,,,,,Find by Molecular Feature,,1550.9757,774.1085,1,,,20140429-388.d,5.149,,,7689,,,4,Negative,-2,-2,,1550.2316,,774.1085,,100,4.769,,4.502,0.298,,,5,30,,0.11,285065,,,,,,,,,,,,,,,,,,,,,,,,,,,,,,,,,,20140429-388,Sample,Instrument 1,P1-E8,,Success
,,,,,,,,,,,,,,,,,,,,,,69,,,Cpd 69: 1416.2246,,,,,,,,,,,,,,,,,,,,,,,,,Find by Molecular Feature,,1416.9206,707.105,1,,,20140429-388.d,5.016,,,982,,,3,Negative,-2,-2,,1416.2246,,707.105,,100,4.77,,4.568,0.238,,,5,30,,0.01,28607,,,,,,,,,,,,,,,,,,,,,,,,,,,,,,,,,,20140429-388,Sample,Instrument 1,P1-E8,,Success
,,,,,,,,,,,,,,,,,,,,,,70,,,Cpd 70: 1572.2138,,,,,,,,,,,,,,,,,,,,,,,,,Find by Molecular Feature,,1572.8233,785.0996,1,,,20140429-388.d,5.033,,,2330,,,3,Negative,-2,-2,,1572.2138,,785.0996,,100,4.771,,4.568,0.258,,,5,30,,0.03,72998,,,,,,,,,,,,,,,,,,,,,,,,,,,,,,,,,,20140429-388,Sample,Instrument 1,P1-E8,,Success
,,,,,,,,,,,,,,,,,,,,,,71,,,Cpd 71: 1300.0816,,,,,,,,,,,,,,,,,,,,,,,,,Find by Molecular Feature,,1300.8356,649.0335,1,,,20140429-388.d,5.961,,,566,,,3,Negative,-2,-2,,1300.0816,,649.0335,,80,5.611,,5.431,0.259,,,3,31,,0,12578,,,,,,,,,,,,,,,,,,,,,,,,,,,,,,,,,,20140429-388,Sample,Instrument 1,P1-E8,,Success
,,,,,,,,,,,,,,,,,,,,,,72,,,Cpd 72: 764.1266,,,,,,,,,,,,,,,,,,,,,,,,,Find by Molecular Feature,,764.3905,763.1193,1,,,20140429-388.d,6.193,,,940,,,2,Negative,-1,-1,,764.1266,,763.1193,,73.7,5.619,,5.397,0.6,,,3,31,,0.01,29147,,,,,,,,,,,,,,,,,,,,,,,,,,,,,,,,,,20140429-388,Sample,Instrument 1,P1-E8,,Success
,,,,,,,,,,,,,,,,,,,,,,73,,,Cpd 73: 1278.0991,,,,,,,,,,,,,,,,,,,,,,,,,Find by Molecular Feature,,1279.0215,638.0422,2,,,20140429-388.d,6.028,,,2546,,,5,Negative,-1,-2,,1278.0991,,638.0422,,95.3,5.624,,5.364,0.299,,,3,31,0.0038,0.04,101792,,,,,,,,,,,,,,,,,,,,,,,,,,,,,,,,,,20140429-388,Sample,Instrument 1,P1-E8,,Success
,,,,,,,,,,,,,,,,,,,,,,74,,,Cpd 74: 1556.2474,,,,,,,,,,,,,,,,,,,,,,,,,Find by Molecular Feature,,1556.9063,777.1164,1,,,20140429-388.d,5.994,,,1055,,,3,Negative,-2,-2,,1556.2474,,777.1164,,100,5.749,,5.563,0.237,,,1,32,,0.01,29100,,,,,,,,,,,,,,,,,,,,,,,,,,,,,,,,,,20140429-388,Sample,Instrument 1,P1-E8,,Success
,,,,,,,,,,,,,,,,,,,,,,75,,,Cpd 75: 1255.1381,,,,,,,,,,,,,,,,,,,,,,,,,Find by Molecular Feature,,1255.4537,626.5618,1,,,20140429-388.d,5.994,,,632,,,2,Negative,-2,-2,,1255.1381,,626.5618,,80,5.77,,5.596,0.241,,,1,33,,0.01,13285,,,,,,,,,,,,,,,,,,,,,,,,,,,,,,,,,,20140429-388,Sample,Instrument 1,P1-E8,,Success
,,,,,,,,,,,,,,,,,,,,,,76,,,Cpd 76: 1264.1595,,,,,,,,,,,,,,,,,,,,,,,,,Find by Molecular Feature,,1264.4579,631.0725,1,,,20140429-388.d,6.492,,,1147,,,2,Negative,-2,-2,,1264.1595,,631.0725,,71,6.172,,5.862,0.339,,,1,34,,0.01,25499,,,,,,,,,,,,,,,,,,,,,,,,,,,,,,,,,,20140429-388,Sample,Instrument 1,P1-E8,,Success
,,,,,,,,,,,,,,,,,,,,,,77,,,Cpd 77: 1325.1603,,,,,,,,,,,,,,,,,,,,,,,,,Find by Molecular Feature,,1325.4931,661.5729,1,,,20140429-388.d,6.475,,,673,,,2,Negative,-2,-2,,1325.1603,,661.5729,,80,6.207,,6.011,0.303,,,1,35,,0.01,14602,,,,,,,,,,,,,,,,,,,,,,,,,,,,,,,,,,20140429-388,Sample,Instrument 1,P1-E8,,Success
,,,,,,,,,,,,,,,,,,,,,,78,,,Cpd 78: 1303.1780,,,,,,,,,,,,,,,,,,,,,,,,,Find by Molecular Feature,,1303.8266,650.5817,1,,,20140429-388.d,7.072,,,2899,,,4,Negative,-2,-2,,1303.178,,650.5817,,100,6.236,,5.878,0.467,,,1,36,,0.05,121762,,,,,,,,,,,,,,,,,,,,,,,,,,,,,,,,,,20140429-388,Sample,Instrument 1,P1-E8,,Success
,,,,,,,,,,,,,,,,,,,,,,79,,,Cpd 79: 1280.1334,,,,,,,,,,,,,,,,,,,,,,,,,Find by Molecular Feature,,1280.7461,639.0594,1,,,20140429-388.d,7.072,,,1445,,,3,Negative,-2,-2,,1280.1334,,639.0594,,100,6.728,,6.492,0.309,,,3,37,,0.02,44059,,,,,,,,,,,,,,,,,,,,,,,,,,,,,,,,,,20140429-388,Sample,Instrument 1,P1-E8,,Success
,,,,,,,,,,,,,,,,,,,,,,80,,,Cpd 80: 1318.0898,,,,,,,,,,,,,,,,,,,,,,,,,Find by Molecular Feature,,1318.6595,658.0378,2,,,20140429-388.d,7.155,,,1645,,,4,Negative,-1,-2,,1318.0898,,658.0378,,100,6.729,,6.442,0.359,,,3,37,0.0038,0.03,65845,,,,,,,,,,,,,,,,,,,,,,,,,,,,,,,,,,20140429-388,Sample,Instrument 1,P1-E8,,Success
,,,,,,,,,,,,,,,,,,,,,,81,,,Cpd 81: 1296.1088,,,,,,,,,,,,,,,,,,,,,,,,,Find by Molecular Feature,,1296.873,647.0472,2,,,20140429-388.d,7.321,,,8110,,,7,Negative,-1,-2,,1296.1088,,647.0472,,100,6.735,,6.392,0.389,,,3,37,0.002,0.16,412546,,,,,,,,,,,,,,,,,,,,,,,,,,,,,,,,,,20140429-388,Sample,Instrument 1,P1-E8,,Success
,,,,,,,,,,,,,,,,,,,,,,82,,,Cpd 82: 1168.1054,,,,,,,,,,,,,,,,,,,,,,,,,Find by Molecular Feature,,1168.4521,583.0454,1,,,20140429-388.d,7.072,,,639,,,2,Negative,-2,-2,,1168.1054,,583.0454,,83.4,6.788,,6.542,0.321,,,1,38,,0.01,14455,,,,,,,,,,,,,,,,,,,,,,,,,,,,,,,,,,20140429-388,Sample,Instrument 1,P1-E8,,Success
,,,,,,,,,,,,,,,,,,,,,,83,,,Cpd 83: 1893.2222,,,,,,,,,,,,,,,,,,,,,,,,,Find by Molecular Feature,,1893.895,945.6038,1,,,20140429-388.d,7.852,,,1558,,,3,Negative,-2,-2,,1893.2222,,945.6038,,100,7.653,,7.503,0.207,,,6,39,,0.02,38107,,,,,,,,,,,,,,,,,,,,,,,,,,,,,,,,,,20140429-388,Sample,Instrument 1,P1-E8,,Success
,,,,,,,,,,,,,,,,,,,,,,84,,,Cpd 84: 1877.2545,,,,,,,,,,,,,,,,,,,,,,,,,Find by Molecular Feature,,1878.1313,937.62,1,,,20140429-388.d,7.951,,,3001,,,4,Negative,-2,-2,,1877.2545,,937.62,,100,7.664,,7.454,0.251,,,6,39,,0.04,102373,,,,,,,,,,,,,,,,,,,,,,,,,,,,,,,,,,20140429-388,Sample,Instrument 1,P1-E8,,Success
,,,,,,,,,,,,,,,,,,,,,,85,,,Cpd 85: 1899.2366,,,,,,,,,,,,,,,,,,,,,,,,,Find by Molecular Feature,,1899.9824,948.611,1,,,20140429-388.d,7.835,,,1392,,,3,Negative,-2,-2,,1899.2366,,948.611,,100,7.664,,7.503,0.197,,,6,39,,0.01,35758,,,,,,,,,,,,,,,,,,,,,,,,,,,,,,,,,,20140429-388,Sample,Instrument 1,P1-E8,,Success
,,,,,,,,,,,,,,,,,,,,,,86,,,Cpd 86: 1871.2363,,,,,,,,,,,,,,,,,,,,,,,,,Find by Molecular Feature,,1871.9727,934.6109,1,,,20140429-388.d,7.885,,,2079,,,3,Negative,-2,-2,,1871.2363,,934.6109,,100,7.665,,7.487,0.219,,,6,39,,0.03,65147,,,,,,,,,,,,,,,,,,,,,,,,,,,,,,,,,,20140429-388,Sample,Instrument 1,P1-E8,,Success
,,,,,,,,,,,,,,,,,,,,,,87,,,Cpd 87: 1855.2716,,,,,,,,,,,,,,,,,,,,,,,,,Find by Molecular Feature,,1856.1814,926.6285,1,,,20140429-388.d,8.067,,,8843,,,5,Negative,-2,-2,,1855.2716,,926.6285,,100,7.666,,7.421,0.288,,,6,39,,0.14,347010,,,,,,,,,,,,,,,,,,,,,,,,,,,,,,,,,,20140429-388,Sample,Instrument 1,P1-E8,,Success
,,,,,,,,,,,,,,,,,,,,,,88,,,Cpd 88: 1833.2906,,,,,,,,,,,,,,,,,,,,,,,,,Find by Molecular Feature,,1834.1704,915.6381,2,,,20140429-388.d,8.183,,,41070,,,10,Negative,-2,-3,,1833.2906,,915.6381,,100,7.666,,7.371,0.3,,,6,39,0.0014,0.68,1730636,,,,,,,,,,,,,,,,,,,,,,,,,,,,,,,,,,20140429-388,Sample,Instrument 1,P1-E8,,Success
,,,,,,,,,,,,,,,,,,,,,,89,,,Cpd 89: 1590.2065,,,,,,,,,,,,,,,,,,,,,,,,,Find by Molecular Feature,,1591.0499,794.096,1,,,20140429-388.d,8.316,,,1000,,,3,Negative,-2,-2,,1590.2065,,794.096,,100,7.962,,7.752,0.295,,,1,40,,0.02,41493,,,,,,,,,,,,,,,,,,,,,,,,,,,,,,,,,,20140429-388,Sample,Instrument 1,P1-E8,,Success
,,,,,,,,,,,,,,,,,,,,,,90,,,Cpd 90: 1324.1048,,,,,,,,,,,,,,,,,,,,,,,,,Find by Molecular Feature,,1324.4683,661.0451,1,,,20140429-388.d,8.233,,,692,,,2,Negative,-2,-2,,1324.1048,,661.0451,,75.8,7.99,,7.802,0.251,,,1,41,,0.01,12680,,,,,,,,,,,,,,,,,,,,,,,,,,,,,,,,,,20140429-388,Sample,Instrument 1,P1-E8,,Success
,,,,,,,,,,,,,,,,,,,,,,91,,,Cpd 91: 1605.1227,,,,,,,,,,,,,,,,,,,,,,,,,Find by Molecular Feature,,1605.8347,801.5541,1,,,20140429-388.d,8.797,,,1900,,,3,Negative,-2,-2,,1605.1227,,801.5541,,100,8.572,,8.399,0.21,,,4,42,,0.02,49207,,,,,,,,,,,,,,,,,,,,,,,,,,,,,,,,,,20140429-388,Sample,Instrument 1,P1-E8,,Success
,,,,,,,,,,,,,,,,,,,,,,92,,,Cpd 92: 1567.1622,,,,,,,,,,,,,,,,,,,,,,,,,Find by Molecular Feature,,1567.526,782.5738,1,,,20140429-388.d,8.681,,,781,,,2,Negative,-2,-2,,1567.1622,,782.5738,,78.1,8.574,,8.465,0.141,,,4,42,,0,10129,,,,,,,,,,,,,,,,,,,,,,,,,,,,,,,,,,20140429-388,Sample,Instrument 1,P1-E8,,Success
,,,,,,,,,,,,,,,,,,,,,,93,,,Cpd 93: 1861.2870,,,,,,,,,,,,,,,,,,,,,,,,,Find by Molecular Feature,,1862.0678,929.6362,1,,,20140429-388.d,8.714,,,993,,,3,Negative,-2,-2,,1861.287,,929.6362,,98.5,8.579,,8.449,0.169,,,4,42,,0.01,20983,,,,,,,,,,,,,,,,,,,,,,,,,,,,,,,,,,20140429-388,Sample,Instrument 1,P1-E8,,Success
,,,,,,,,,,,,,,,,,,,,,,94,,,Cpd 94: 1583.1378,,,,,,,,,,,,,,,,,,,,,,,,,Find by Molecular Feature,,1583.9825,790.5616,1,,,20140429-388.d,8.88,,,8058,,,4,Negative,-2,-2,,1583.1378,,790.5616,,100,8.58,,8.349,0.257,,,4,42,,0.11,276685,,,,,,,,,,,,,,,,,,,,,,,,,,,,,,,,,,20140429-388,Sample,Instrument 1,P1-E8,,Success
,,,,,,,,,,,,,,,,,,,,,,95,,,Cpd 95: 1569.1898,,,,,,,,,,,,,,,,,,,,,,,,,Find by Molecular Feature,,1569.5075,783.5876,1,,,20140429-388.d,8.93,,,1464,,,2,Negative,-2,-2,,1569.1898,,783.5876,,80,8.677,,8.482,0.253,,,1,43,,0.01,32897,,,,,,,,,,,,,,,,,,,,,,,,,,,,,,,,,,20140429-388,Sample,Instrument 1,P1-E8,,Success
,,,,,,,,,,,,,,,,,,,,,,96,,,Cpd 96: 1608.2166,,,,,,,,,,,,,,,,,,,,,,,,,Find by Molecular Feature,,1609.2473,803.5968,1,,,20140429-388.d,9.477,,,2568,,,4,Negative,-2,-2,,1608.2166,,803.101,,80,8.923,,8.532,0.493,,,1,44,,0.08,203051,,,,,,,,,,,,,,,,,,,,,,,,,,,,,,,,,,20140429-388,Sample,Instrument 1,P1-E8,,Success
,,,,,,,,,,,,,,,,,,,,,,97,,,Cpd 97: 1585.1734,,,,,,,,,,,,,,,,,,,,,,,,,Find by Molecular Feature,,1585.8527,791.5794,1,,,20140429-388.d,9.626,,,2127,,,3,Negative,-2,-2,,1585.1734,,791.5794,,100,9.357,,9.013,0.282,,,1,45,,0.03,69271,,,,,,,,,,,,,,,,,,,,,,,,,,,,,,,,,,20140429-388,Sample,Instrument 1,P1-E8,,Success
,,,,,,,,,,,,,,,,,,,,,,98,,,Cpd 98: 1473.1463,,,,,,,,,,,,,,,,,,,,,,,,,Find by Molecular Feature,,1473.5011,735.5659,1,,,20140429-388.d,9.626,,,783,,,2,Negative,-2,-2,,1473.1463,,735.5659,,80,9.384,,9.212,0.258,,,4,46,,0.01,19059,,,,,,,,,,,,,,,,,,,,,,,,,,,,,,,,,,20140429-388,Sample,Instrument 1,P1-E8,,Success
,,,,,,,,,,,,,,,,,,,,,,99,,,Cpd 99: 1645.1122,,,,,,,,,,,,,,,,,,,,,,,,,Find by Molecular Feature,,1645.7682,821.5488,1,,,20140429-388.d,9.659,,,1592,,,3,Negative,-2,-2,,1645.1122,,821.5488,,100,9.391,,9.178,0.29,,,4,46,,0.02,55736,,,,,,,,,,,,,,,,,,,,,,,,,,,,,,,,,,20140429-388,Sample,Instrument 1,P1-E8,,Success
,,,,,,,,,,,,,,,,,,,,,,100,,,Cpd 100: 1601.1499,,,,,,,,,,,,,,,,,,,,,,,,,Find by Molecular Feature,,1602.074,799.5677,2,,,20140429-388.d,10.273,,,24230,,,9,Negative,-2,-3,,1601.1499,,799.5677,,80,9.395,,9.079,0.375,,,4,46,0.001,0.46,1151338,,,,,,,,,,,,,,,,,,,,,,,,,,,,,,,,,,20140429-388,Sample,Instrument 1,P1-E8,,Success
,,,,,,,,,,,,,,,,,,,,,,101,,,Cpd 101: 1623.1321,,,,,,,,,,,,,,,,,,,,,,,,,Find by Molecular Feature,,1624.0015,810.5588,1,,,20140429-388.d,9.792,,,4869,,,4,Negative,-2,-2,,1623.1321,,810.5588,,100,9.397,,9.129,0.319,,,4,46,,0.08,214847,,,,,,,,,,,,,,,,,,,,,,,,,,,,,,,,,,20140429-388,Sample,Instrument 1,P1-E8,,Success
,,,,,,,,,,,,,,,,,,,,,,102,,,Cpd 102: 1639.1002,,,,,,,,,,,,,,,,,,,,,,,,,Find by Molecular Feature,,1639.4781,818.5428,1,,,20140429-388.d,9.626,,,1055,,,2,Negative,-2,-2,,1639.1002,,818.5428,,80,9.418,,9.228,0.25,,,1,47,,0.01,27153,,,,,,,,,,,,,,,,,,,,,,,,,,,,,,,,,,20140429-388,Sample,Instrument 1,P1-E8,,Success
,,,,,,,,,,,,,,,,,,,,,,103,,,Cpd 103: 1632.2296,,,,,,,,,,,,,,,,,,,,,,,,,Find by Molecular Feature,,1632.6407,815.1075,1,,,20140429-388.d,9.709,,,853,,,2,Negative,-2,-2,,1632.2296,,815.1075,,76.9,9.552,,9.46,0.162,,,1,48,,0.01,14903,,,,,,,,,,,,,,,,,,,,,,,,,,,,,,,,,,20140429-388,Sample,Instrument 1,P1-E8,,Success
,,,,,,,,,,,,,,,,,,,,,,104,,,Cpd 104: 2027.2866,,,,,,,,,,,,,,,,,,,,,,,,,Find by Molecular Feature,,2028.0629,674.7549,1,,,20140429-388.d,10.422,,,726,,,3,Negative,-3,-3,,2027.2866,,674.7549,,89.7,10.267,,10.14,0.179,,,1,49,,0.01,14890,,,,,,,,,,,,,,,,,,,,,,,,,,,,,,,,,,20140429-388,Sample,Instrument 1,P1-E8,,Success
,,,,,,,,,,,,,,,,,,,,,,105,,,Cpd 105: 2205.2604,,,,,,,,,,,,,,,,,,,,,,,,,Find by Molecular Feature,,2206.0734,1101.6229,1,,,20140429-388.d,10.405,,,1112,,,3,Negative,-2,-2,,2205.2604,,1101.6229,,92.4,10.28,,10.14,0.168,,,5,50,,0.01,27801,,,,,,,,,,,,,,,,,,,,,,,,,,,,,,,,,,20140429-388,Sample,Instrument 1,P1-E8,,Success
,,,,,,,,,,,,,,,,,,,,,,106,,,Cpd 106: 2161.2962,,,,,,,,,,,,,,,,,,,,,,,,,Find by Molecular Feature,,2162.2144,1079.6408,1,,,20140429-388.d,10.605,,,7537,,,4,Negative,-2,-2,,2161.2962,,1079.6408,,100,10.282,,10.074,0.261,,,5,50,,0.12,295271,,,,,,,,,,,,,,,,,,,,,,,,,,,,,,,,,,20140429-388,Sample,Instrument 1,P1-E8,,Success
,,,,,,,,,,,,,,,,,,,,,,107,,,Cpd 107: 2139.3155,,,,,,,,,,,,,,,,,,,,,,,,,Find by Molecular Feature,,2140.3175,1068.6504,3,,,20140429-388.d,10.837,,,31383,,,12,Negative,-2,-4,,2139.3155,,1068.6504,,80,10.282,,10.007,0.282,,,5,50,0.0023,0.57,1441264,,,,,,,,,,,,,,,,,,,,,,,,,,,,,,,,,,20140429-388,Sample,Instrument 1,P1-E8,,Success
,,,,,,,,,,,,,,,,,,,,,,108,,,Cpd 108: 2183.2815,,,,,,,,,,,,,,,,,,,,,,,,,Find by Molecular Feature,,2184.2566,1090.6335,1,,,20140429-388.d,10.522,,,2390,,,4,Negative,-2,-2,,2183.2815,,1090.6335,,100,10.283,,10.107,0.232,,,5,50,,0.04,91613,,,,,,,,,,,,,,,,,,,,,,,,,,,,,,,,,,20140429-388,Sample,Instrument 1,P1-E8,,Success
,,,,,,,,,,,,,,,,,,,,,,109,,,Cpd 109: 2177.2647,,,,,,,,,,,,,,,,,,,,,,,,,Find by Molecular Feature,,2178.1143,1087.6251,1,,,20140429-388.d,10.472,,,1406,,,3,Negative,-2,-2,,2177.2647,,1087.6251,,100,10.288,,10.14,0.188,,,5,50,,0.02,44716,,,,,,,,,,,,,,,,,,,,,,,,,,,,,,,,,,20140429-388,Sample,Instrument 1,P1-E8,,Success
,,,,,,,,,,,,,,,,,,,,,,110,,,Cpd 110: 1629.1469,,,,,,,,,,,,,,,,,,,,,,,,,Find by Molecular Feature,,1629.7534,813.5662,1,,,20140429-388.d,10.671,,,1539,,,3,Negative,-2,-2,,1629.1469,,813.5662,,100,10.443,,10.206,0.262,,,1,51,,0.02,45901,,,,,,,,,,,,,,,,,,,,,,,,,,,,,,,,,,20140429-388,Sample,Instrument 1,P1-E8,,Success
,,,,,,,,,,,,,,,,,,,,,,111,,,Cpd 111: 1914.2325,,,,,,,,,,,,,,,,,,,,,,,,,Find by Molecular Feature,,1914.9175,956.109,2,,,20140429-388.d,11.4,,,4251,,,5,Negative,-2,-3,,1914.2325,,956.109,,100,11.131,,10.886,0.263,,,1,52,0.0018,0.06,152728,,,,,,,,,,,,,,,,,,,,,,,,,,,,,,,,,,20140429-388,Sample,Instrument 1,P1-E8,,Success
,,,,,,,,,,,,,,,,,,,,,,112,,,Cpd 112: 1910.1601,,,,,,,,,,,,,,,,,,,,,,,,,Find by Molecular Feature,,1910.9095,954.0728,1,,,20140429-388.d,11.367,,,2348,,,3,Negative,-2,-2,,1910.1601,,954.0728,,100,11.17,,11.003,0.206,,,2,53,,0.03,67862,,,,,,,,,,,,,,,,,,,,,,,,,,,,,,,,,,20140429-388,Sample,Instrument 1,P1-E8,,Success
,,,,,,,,,,,,,,,,,,,,,,113,,,Cpd 113: 1888.1787,,,,,,,,,,,,,,,,,,,,,,,,,Find by Molecular Feature,,1889.1791,943.0822,2,,,20140429-388.d,11.533,,,9903,,,7,Negative,-2,-3,,1888.1787,,943.0822,,100,11.175,,10.953,0.255,,,2,53,0.0044,0.16,395736,,,,,,,,,,,,,,,,,,,,,,,,,,,,,,,,,,20140429-388,Sample,Instrument 1,P1-E8,,Success
,,,,,,,,,,,,,,,,,,,,,,114,,,Cpd 114: 1890.2101,,,,,,,,,,,,,,,,,,,,,,,,,Find by Molecular Feature,,1891.1398,944.0978,1,,,20140429-388.d,11.782,,,2383,,,4,Negative,-2,-2,,1890.2101,,944.0978,,80,11.563,,11.4,0.225,,,1,54,,0.03,81236,,,,,,,,,,,,,,,,,,,,,,,,,,,,,,,,,,20140429-388,Sample,Instrument 1,P1-E8,,Success
,,,,,,,,,,,,,,,,,,,,,,115,,,Cpd 115: 1950.1524,,,,,,,,,,,,,,,,,,,,,,,,,Find by Molecular Feature,,1951.0776,974.0689,1,,,20140429-388.d,11.815,,,2641,,,4,Negative,-2,-2,,1950.1524,,974.0689,,100,11.578,,11.417,0.229,,,5,55,,0.03,82834,,,,,,,,,,,,,,,,,,,,,,,,,,,,,,,,,,20140429-388,Sample,Instrument 1,P1-E8,,Success
,,,,,,,,,,,,,,,,,,,,,,116,,,Cpd 116: 1928.1704,,,,,,,,,,,,,,,,,,,,,,,,,Find by Molecular Feature,,1929.232,963.0779,1,,,20140429-388.d,11.964,,,7229,,,5,Negative,-2,-2,,1928.1704,,963.0779,,100,11.59,,11.351,0.27,,,5,55,,0.12,294866,,,,,,,,,,,,,,,,,,,,,,,,,,,,,,,,,,20140429-388,Sample,Instrument 1,P1-E8,,Success
,,,,,,,,,,,,,,,,,,,,,,117,,,Cpd 117: 1972.0987,,,,,,,,,,,,,,,,,,,,,,,,,Find by Molecular Feature,,1972.8909,985.0421,1,,,20140429-388.d,11.881,,,1377,,,3,Negative,-2,-2,,1972.0987,,985.0421,,94.7,11.591,,11.334,0.276,,,5,55,,0.02,44355,,,,,,,,,,,,,,,,,,,,,,,,,,,,,,,,,,20140429-388,Sample,Instrument 1,P1-E8,,Success
,,,,,,,,,,,,,,,,,,,,,,118,,,Cpd 118: 1906.1898,,,,,,,,,,,,,,,,,,,,,,,,,Find by Molecular Feature,,1907.2436,952.0876,2,,,20140429-388.d,12.114,,,33379,,,11,Negative,-2,-3,,1906.1898,,952.0876,,100,11.592,,11.334,0.28,,,5,55,0.0011,0.58,1473959,,,,,,,,,,,,,,,,,,,,,,,,,,,,,,,,,,20140429-388,Sample,Instrument 1,P1-E8,,Success
,,,,,,,,,,,,,,,,,,,,,,119,,,Cpd 119: 1944.1407,,,,,,,,,,,,,,,,,,,,,,,,,Find by Molecular Feature,,1944.9632,971.0631,1,,,20140429-388.d,11.749,,,1404,,,3,Negative,-2,-2,,1944.1407,,971.0631,,100,11.593,,11.467,0.173,,,5,55,,0.01,32083,,,,,,,,,,,,,,,,,,,,,,,,,,,,,,,,,,20140429-388,Sample,Instrument 1,P1-E8,,Success
,,,,,,,,,,,,,,,,,,,,,,120,,,Cpd 120: 1938.2520,,,,,,,,,,,,,,,,,,,,,,,,,Find by Molecular Feature,,1938.9735,968.1187,1,,,20140429-388.d,11.981,,,1629,,,3,Negative,-2,-2,,1938.252,,968.1187,,100,11.788,,11.566,0.229,,,1,56,,0.02,47953,,,,,,,,,,,,,,,,,,,,,,,,,,,,,,,,,,20140429-388,Sample,Instrument 1,P1-E8,,Success
,,,,,,,,,,,,,,,,,,,,,,121,,,Cpd 121: 2550.3077,,,,,,,,,,,,,,,,,,,,,,,,,Find by Molecular Feature,,2551.1967,1274.6477,1,,,20140429-388.d,12.545,,,1174,,,3,Negative,-2,-2,,2550.3077,,1274.1466,,80,12.381,,12.246,0.187,,,4,57,,0.01,36143,,,,,,,,,,,,,,,,,,,,,,,,,,,,,,,,,,20140429-388,Sample,Instrument 1,P1-E8,,Success
,,,,,,,,,,,,,,,,,,,,,,122,,,Cpd 122: 2484.3612,,,,,,,,,,,,,,,,,,,,,,,,,Find by Molecular Feature,,2485.5417,1241.1731,3,,,20140429-388.d,12.827,,,26758,,,17,Negative,-2,-4,,2484.3612,,1241.1731,,100,12.39,,12.13,0.27,,,4,57,0.0025,0.68,1728946,,,,,,,,,,,,,,,,,,,,,,,,,,,,,,,,,,20140429-388,Sample,Instrument 1,P1-E8,,Success
,,,,,,,,,,,,,,,,,,,,,,123,,,Cpd 123: 2506.3423,,,,,,,,,,,,,,,,,,,,,,,,,Find by Molecular Feature,,2507.4598,1252.1639,2,,,20140429-388.d,12.711,,,6161,,,8,Negative,-2,-3,,2506.3423,,1252.1639,,100,12.39,,12.163,0.254,,,4,57,0.001,0.13,338186,,,,,,,,,,,,,,,,,,,,,,,,,,,,,,,,,,20140429-388,Sample,Instrument 1,P1-E8,,Success
,,,,,,,,,,,,,,,,,,,,,,124,,,Cpd 124: 2528.3224,,,,,,,,,,,,,,,,,,,,,,,,,Find by Molecular Feature,,2529.3691,1263.1539,1,,,20140429-388.d,12.611,,,2394,,,4,Negative,-2,-2,,2528.3224,,1263.1539,,100,12.391,,12.213,0.22,,,4,57,,0.04,97078,,,,,,,,,,,,,,,,,,,,,,,,,,,,,,,,,,20140429-388,Sample,Instrument 1,P1-E8,,Success
,,,,,,,,,,,,,,,,,,,,,,125,,,Cpd 125: 1934.1677,,,,,,,,,,,,,,,,,,,,,,,,,Find by Molecular Feature,,1934.8913,966.0766,1,,,20140429-388.d,12.611,,,1900,,,3,Negative,-2,-2,,1934.1677,,966.0766,,100,12.433,,12.279,0.205,,,1,58,,0.02,52844,,,,,,,,,,,,,,,,,,,,,,,,,,,,,,,,,,20140429-388,Sample,Instrument 1,P1-E8,,Success
,,,,,,,,,,,,,,,,,,,,,,126,,,Cpd 126: 2193.2187,,,,,,,,,,,,,,,,,,,,,,,,,Find by Molecular Feature,,2194.4859,1095.6023,2,,,20140429-388.d,13.556,,,11845,,,10,Negative,-2,-3,,2193.2187,,1095.6023,,80,13.146,,12.893,0.308,,,1,59,0.004,0.27,684406,,,,,,,,,,,,,,,,,,,,,,,,,,,,,,,,,,20140429-388,Sample,Instrument 1,P1-E8,,Success
,,,,,,,,,,,,,,,,,,,,,,127,,,Cpd 127: 1108.1052,,,,,,,,,,,,,,,,,,,,,,,,,Find by Molecular Feature,,1108.3834,1107.098,1,,,20140429-388.d,13.507,,,2705,,,2,Negative,-1,-1,,1108.1052,,1107.098,,89.3,13.184,,12.943,0.349,,,1,60,,0.03,79565,,,,,,,,,,,,,,,,,,,,,,,,,,,,,,,,,,20140429-388,Sample,Instrument 1,P1-E8,,Success
,,,,,,,,,,,,,,,,,,,,,,128,,,Cpd 128: 2083.2205,,,,,,,,,,,,,,,,,,,,,,,,,Find by Molecular Feature,,2084.1524,693.3996,1,,,20140429-388.d,13.523,,,824,,,3,Negative,-3,-3,,2083.2205,,693.3996,,75.5,13.34,,13.191,0.186,,,2,61,,0.01,25968,,,,,,,,,,,,,,,,,,,,,,,,,,,,,,,,,,20140429-388,Sample,Instrument 1,P1-E8,,Success
,,,,,,,,,,,,,,,,,,,,,,129,,,Cpd 129: 2243.2942,,,,,,,,,,,,,,,,,,,,,,,,,Find by Molecular Feature,,2244.2365,1120.6398,1,,,20140429-388.d,13.573,,,2924,,,4,Negative,-2,-2,,2243.2942,,1120.6398,,100,13.343,,13.109,0.24,,,2,61,,0.04,113421,,,,,,,,,,,,,,,,,,,,,,,,,,,,,,,,,,20140429-388,Sample,Instrument 1,P1-E8,,Success
,,,,,,,,,,,,,,,,,,,,,,130,,,Cpd 130: 2233.2121,,,,,,,,,,,,,,,,,,,,,,,,,Find by Molecular Feature,,2234.3932,1115.5987,2,,,20140429-388.d,13.672,,,8064,,,7,Negative,-2,-3,,2233.2121,,1115.5987,,80,13.351,,13.009,0.286,,,4,62,0.0025,0.16,404158,,,,,,,,,,,,,,,,,,,,,,,,,,,,,,,,,,20140429-388,Sample,Instrument 1,P1-E8,,Success
,,,,,,,,,,,,,,,,,,,,,,131,,,Cpd 131: 2211.2294,,,,,,,,,,,,,,,,,,,,,,,,,Find by Molecular Feature,,2212.3714,1104.6073,3,,,20140429-388.d,13.871,,,37032,,,14,Negative,-2,-4,,2211.2294,,1104.6073,,100,13.357,,12.943,0.286,,,4,62,0.0021,0.78,1965869,,,,,,,,,,,,,,,,,,,,,,,,,,,,,,,,,,20140429-388,Sample,Instrument 1,P1-E8,,Success
,,,,,,,,,,,,,,,,,,,,,,132,,,Cpd 132: 2255.1938,,,,,,,,,,,,,,,,,,,,,,,,,Find by Molecular Feature,,2256.2351,1126.5896,1,,,20140429-388.d,13.589,,,2852,,,4,Negative,-2,-2,,2255.1938,,1126.5896,,100,13.358,,13.158,0.228,,,4,62,,0.04,111926,,,,,,,,,,,,,,,,,,,,,,,,,,,,,,,,,,20140429-388,Sample,Instrument 1,P1-E8,,Success
,,,,,,,,,,,,,,,,,,,,,,133,,,Cpd 133: 2277.1733,,,,,,,,,,,,,,,,,,,,,,,,,Find by Molecular Feature,,2278.0227,1137.5794,1,,,20140429-388.d,13.507,,,1488,,,3,Negative,-2,-2,,2277.1733,,1137.5794,,100,13.362,,13.191,0.183,,,4,62,,0.02,42663,,,,,,,,,,,,,,,,,,,,,,,,,,,,,,,,,,20140429-388,Sample,Instrument 1,P1-E8,,Success
,,,,,,,,,,,,,,,,,,,,,,134,,,Cpd 134: 2239.2291,,,,,,,,,,,,,,,,,,,,,,,,,Find by Molecular Feature,,2240.0607,1118.6073,1,,,20140429-388.d,14.286,,,1977,,,3,Negative,-2,-2,,2239.2291,,1118.6073,,100,14.067,,13.905,0.224,,,1,63,,0.03,68442,,,,,,,,,,,,,,,,,,,,,,,,,,,,,,,,,,20140429-388,Sample,Instrument 1,P1-E8,,Success
,,,,,,,,,,,,,,,,,,,,,,135,,,Cpd 135: 2851.3611,,,,,,,,,,,,,,,,,,,,,,,,,Find by Molecular Feature,,2852.3601,1425.1727,2,,,20140429-388.d,14.535,,,1024,,,7,Negative,-2,-3,,2851.3611,,1424.6747,,80,14.395,,14.269,0.163,,,5,64,0.0077,0.02,55412,,,,,,,,,,,,,,,,,,,,,,,,,,,,,,,,,,20140429-388,Sample,Instrument 1,P1-E8,,Success
,,,,,,,,,,,,,,,,,,,,,,136,,,Cpd 136: 2835.3924,,,,,,,,,,,,,,,,,,,,,,,,,Find by Molecular Feature,,2836.6749,1417.1892,2,,,20140429-388.d,14.7,,,7463,,,10,Negative,-2,-3,,2835.3924,,1416.688,,100,14.4,,14.17,0.252,,,5,64,0.0049,0.22,544218,,,,,,,,,,,,,,,,,,,,,,,,,,,,,,,,,,20140429-388,Sample,Instrument 1,P1-E8,,Success
,,,,,,,,,,,,,,,,,,,,,,137,,,Cpd 137: 2879.3545,,,,,,,,,,,,,,,,,,,,,,,,,Find by Molecular Feature,,2880.5715,1439.1744,1,,,20140429-388.d,14.584,,,1351,,,4,Negative,-2,-2,,2879.3545,,1438.67,,100,14.402,,14.253,0.2,,,5,64,,0.02,51500,,,,,,,,,,,,,,,,,,,,,,,,,,,,,,,,,,20140429-388,Sample,Instrument 1,P1-E8,,Success
,,,,,,,,,,,,,,,,,,,,,,138,,,Cpd 138: 2813.4109,,,,,,,,,,,,,,,,,,,,,,,,,Find by Molecular Feature,,2814.7531,1406.1996,4,,,20140429-388.d,14.817,,,30515,,,23,Negative,-2,-5,,2813.4109,,1405.6971,,100,14.402,,14.137,0.268,,,5,64,0.0039,1.11,2795096,,,,,,,,,,,,,,,,,,,,,,,,,,,,,,,,,,20140429-388,Sample,Instrument 1,P1-E8,,Success
,,,,,,,,,,,,,,,,,,,,,,139,,,Cpd 139: 2857.3753,,,,,,,,,,,,,,,,,,,,,,,,,Find by Molecular Feature,,2858.4836,1428.1795,2,,,20140429-388.d,14.618,,,2973,,,7,Negative,-2,-3,,2857.3753,,1427.68,,100,14.402,,14.203,0.219,,,5,64,0.0028,0.06,149589,,,,,,,,,,,,,,,,,,,,,,,,,,,,,,,,,,20140429-388,Sample,Instrument 1,P1-E8,,Success
,,,,,,,,,,,,,,,,,,,,,,140,,,Cpd 140: 2565.3060,,,,,,,,,,,,,,,,,,,,,,,,,Find by Molecular Feature,,2566.0885,1281.6448,2,,,20140429-388.d,14.584,,,923,,,5,Negative,-2,-3,,2565.306,,1281.6448,,90.2,14.452,,14.336,0.156,,,1,65,0.0103,0.01,25719,,,,,,,,,,,,,,,,,,,,,,,,,,,,,,,,,,20140429-388,Sample,Instrument 1,P1-E8,,Success
,,,,,,,,,,,,,,,,,,,,,,141,,,Cpd 141: 2548.3348,,,,,,,,,,,,,,,,,,,,,,,,,Find by Molecular Feature,,2549.5856,1273.6548,1,,,20140429-388.d,14.916,,,1624,,,4,Negative,-2,-2,,2548.3348,,1273.1601,,100,14.682,,14.485,0.237,,,1,66,,0.03,70976,,,,,,,,,,,,,,,,,,,,,,,,,,,,,,,,,,20140429-388,Sample,Instrument 1,P1-E8,,Success
,,,,,,,,,,,,,,,,,,,,,,142,,,Cpd 142: 2588.3333,,,,,,,,,,,,,,,,,,,,,,,,,Find by Molecular Feature,,2589.3025,1293.1589,2,,,20140429-388.d,15.032,,,1979,,,6,Negative,-2,-3,,2588.3333,,1293.1589,,100,14.785,,14.468,0.291,,,1,67,0.005,0.05,115489,,,,,,,,,,,,,,,,,,,,,,,,,,,,,,,,,,20140429-388,Sample,Instrument 1,P1-E8,,Success
,,,,,,,,,,,,,,,,,,,,,,143,,,Cpd 143: 2522.2690,,,,,,,,,,,,,,,,,,,,,,,,,Find by Molecular Feature,,2523.7839,1260.1275,3,,,20140429-388.d,15.281,,,6116,,,14,Negative,-2,-4,,2522.269,,1260.1275,,100,14.937,,14.7,0.258,,,1,68,0.0032,0.18,459892,,,,,,,,,,,,,,,,,,,,,,,,,,,,,,,,,,20140429-388,Sample,Instrument 1,P1-E8,,Success
,,,,,,,,,,,,,,,,,,,,,,144,,,Cpd 144: 2546.2658,,,,,,,,,,,,,,,,,,,,,,,,,Find by Molecular Feature,,2546.6912,1272.1256,1,,,20140429-388.d,15.181,,,1354,,,2,Negative,-2,-2,,2546.2658,,1272.1256,,80,14.979,,14.817,0.215,,,1,69,,0.01,30478,,,,,,,,,,,,,,,,,,,,,,,,,,,,,,,,,,20140429-388,Sample,Instrument 1,P1-E8,,Success
,,,,,,,,,,,,,,,,,,,,,,145,,,Cpd 145: 2562.2577,,,,,,,,,,,,,,,,,,,,,,,,,Find by Molecular Feature,,2563.7096,1280.1213,2,,,20140429-388.d,15.38,,,4173,,,9,Negative,-2,-3,,2562.2577,,1280.1213,,80,15.069,,14.833,0.252,,,3,70,0.0039,0.1,253567,,,,,,,,,,,,,,,,,,,,,,,,,,,,,,,,,,20140429-388,Sample,Instrument 1,P1-E8,,Success
,,,,,,,,,,,,,,,,,,,,,,146,,,Cpd 146: 2540.2803,,,,,,,,,,,,,,,,,,,,,,,,,Find by Molecular Feature,,2541.6546,1269.1327,3,,,20140429-388.d,15.546,,,18684,,,16,Negative,-2,-4,,2540.2803,,1269.1327,,100,15.077,,14.783,0.278,,,3,70,0.0018,0.53,1341869,,,,,,,,,,,,,,,,,,,,,,,,,,,,,,,,,,20140429-388,Sample,Instrument 1,P1-E8,,Success
,,,,,,,,,,,,,,,,,,,,,,147,,,Cpd 147: 2584.2397,,,,,,,,,,,,,,,,,,,,,,,,,Find by Molecular Feature,,2585.3517,1291.1126,1,,,20140429-388.d,15.264,,,1669,,,4,Negative,-2,-2,,2584.2397,,1291.1126,,100,15.08,,14.916,0.203,,,3,70,,0.02,62938,,,,,,,,,,,,,,,,,,,,,,,,,,,,,,,,,,20140429-388,Sample,Instrument 1,P1-E8,,Success
,,,,,,,,,,,,,,,,,,,,,,148,,,Cpd 148: 3162.4118,,,,,,,,,,,,,,,,,,,,,,,,,Find by Molecular Feature,,3163.6668,1580.7028,2,,,20140429-388.d,15.679,,,1726,,,8,Negative,-2,-3,,3162.4118,,1580.196,,80,15.514,,15.364,0.189,,,3,71,0.0091,0.04,99696,,,,,,,,,,,,,,,,,,,,,,,,,,,,,,,,,,20140429-388,Sample,Instrument 1,P1-E8,,Success
,,,,,,,,,,,,,,,,,,,,,,149,,,Cpd 149: 3140.4330,,,,,,,,,,,,,,,,,,,,,,,,,Find by Molecular Feature,,3141.8175,1046.1379,2,,,20140429-388.d,15.778,,,4744,,,10,Negative,-2,-3,,3140.433,,1045.8038,,100,15.517,,15.314,0.245,,,3,71,0.0006,0.17,424461,,,,,,,,,,,,,,,,,,,,,,,,,,,,,,,,,,20140429-388,Sample,Instrument 1,P1-E8,,Success
,,,,,,,,,,,,,,,,,,,,,,150,,,Cpd 150: 3118.4495,,,,,,,,,,,,,,,,,,,,,,,,,Find by Molecular Feature,,3119.9442,1038.8107,4,,,20140429-388.d,15.928,,,21644,,,24,Negative,-2,-5,,3118.4495,,1038.4757,,100,15.518,,15.264,0.272,,,3,71,0.0035,0.87,2202507,,,,,,,,,,,,,,,,,,,,,,,,,,,,,,,,,,20140429-388,Sample,Instrument 1,P1-E8,,Success
,,,,,,,,,,,,,,,,,,,,,,151,,,Cpd 151: 2568.2712,,,,,,,,,,,,,,,,,,,,,,,,,Find by Molecular Feature,,2569.15,1283.1283,1,,,20140429-388.d,15.778,,,942,,,3,Negative,-2,-2,,2568.2712,,1283.1283,,82.3,15.665,,15.513,0.172,,,1,72,,0.01,27517,,,,,,,,,,,,,,,,,,,,,,,,,,,,,,,,,,20140429-388,Sample,Instrument 1,P1-E8,,Success
,,,,,,,,,,,,,,,,,,,,,,152,,,Cpd 152: 2893.3798,,,,,,,,,,,,,,,,,,,,,,,,,Find by Molecular Feature,,2894.8111,1446.1761,2,,,20140429-388.d,16.193,,,1869,,,8,Negative,-2,-3,,2893.3798,,1445.6811,,80,15.927,,15.662,0.295,,,1,73,0.0052,0.08,203714,,,,,,,,,,,,,,,,,,,,,,,,,,,,,,,,,,20140429-388,Sample,Instrument 1,P1-E8,,Success
,,,,,,,,,,,,,,,,,,,,,,153,,,Cpd 153: 2867.3167,,,,,,,,,,,,,,,,,,,,,,,,,Find by Molecular Feature,,2868.8674,1433.1518,3,,,20140429-388.d,16.375,,,4141,,,14,Negative,-2,-4,,2867.3167,,1432.6507,,100,16.089,,15.861,0.248,,,1,74,0.003,0.18,460416,,,,,,,,,,,,,,,,,,,,,,,,,,,,,,,,,,20140429-388,Sample,Instrument 1,P1-E8,,Success
,,,,,,,,,,,,,,,,,,,,,,154,,,Cpd 154: 2757.3274,,,,,,,,,,,,,,,,,,,,,,,,,Find by Molecular Feature,,2758.2144,688.5748,1,,,20140429-388.d,16.292,,,611,,,3,Negative,-4,-4,,2757.3274,,688.3246,,75.5,16.13,,16.044,0.168,,,1,75,,0.01,16176,,,,,,,,,,,,,,,,,,,,,,,,,,,,,,,,,,20140429-388,Sample,Instrument 1,P1-E8,,Success
,,,,,,,,,,,,,,,,,,,,,,155,,,Cpd 155: 2907.3048,,,,,,,,,,,,,,,,,,,,,,,,,Find by Molecular Feature,,2908.7099,1453.147,2,,,20140429-388.d,16.425,,,2531,,,9,Negative,-2,-3,,2907.3048,,1452.6449,,100,16.167,,15.994,0.223,,,2,76,0.0007,0.08,197215,,,,,,,,,,,,,,,,,,,,,,,,,,,,,,,,,,20140429-388,Sample,Instrument 1,P1-E8,,Success
,,,,,,,,,,,,,,,,,,,,,,156,,,Cpd 156: 2885.3269,,,,,,,,,,,,,,,,,,,,,,,,,Find by Molecular Feature,,2886.9175,1442.1564,4,,,20140429-388.d,16.558,,,9334,,,20,Negative,-2,-5,,2885.3269,,1441.6554,,100,16.169,,15.928,0.272,,,2,76,0.0025,0.46,1171268,,,,,,,,,,,,,,,,,,,,,,,,,,,,,,,,,,20140429-388,Sample,Instrument 1,P1-E8,,Success
,,,,,,,,,,,,,,,,,,,,,,157,,,Cpd 157: 3468.4474,,,,,,,,,,,,,,,,,,,,,,,,,Find by Molecular Feature,,3469.7367,1155.4728,2,,,20140429-388.d,16.79,,,1345,,,7,Negative,-2,-3,,3468.4474,,1155.1417,,95.5,16.603,,16.442,0.193,,,3,77,0.0056,0.03,68877,,,,,,,,,,,,,,,,,,,,,,,,,,,,,,,,,,20140429-388,Sample,Instrument 1,P1-E8,,Success
,,,,,,,,,,,,,,,,,,,,,,158,,,Cpd 158: 3424.4748,,,,,,,,,,,,,,,,,,,,,,,,,Find by Molecular Feature,,3426.0775,1140.8185,5,,,20140429-388.d,17.055,,,21982,,,24,Negative,-2,-6,,3424.4748,,1140.4844,,100,16.605,,16.342,0.275,,,3,77,0.0019,0.74,1874254,,,,,,,,,,,,,,,,,,,,,,,,,,,,,,,,,,20140429-388,Sample,Instrument 1,P1-E8,,Success
,,,,,,,,,,,,,,,,,,,,,,159,,,Cpd 159: 3446.4551,,,,,,,,,,,,,,,,,,,,,,,,,Find by Molecular Feature,,3447.8898,1148.1446,2,,,20140429-388.d,16.889,,,5131,,,9,Negative,-2,-3,,3446.4551,,1147.8112,,100,16.608,,16.392,0.247,,,3,77,0.0005,0.13,335511,,,,,,,,,,,,,,,,,,,,,,,,,,,,,,,,,,20140429-388,Sample,Instrument 1,P1-E8,,Success
,,,,,,,,,,,,,,,,,,,,,,160,,,Cpd 160: 1599.6962,,,,,,,,,,,,,,,,,,,,,,,,,Find by Molecular Feature,,1600.0909,1598.689,1,,,20140429-388.d,17.072,,,1362,,,2,Negative,-1,-1,,1599.6962,,1598.689,,80,16.883,,16.707,0.22,,,2,78,,0.01,32183,,,,,,,,,,,,,,,,,,,,,,,,,,,,,,,,,,20140429-388,Sample,Instrument 1,P1-E8,,Success
,,,,,,,,,,,,,,,,,,,,,,161,,,Cpd 161: 3198.3651,,,,,,,,,,,,,,,,,,,,,,,,,Find by Molecular Feature,,3200.2879,1065.4583,1,,,20140429-388.d,17.205,,,2419,,,5,Negative,-3,-3,,3198.3651,,1065.1144,,100,16.891,,16.641,0.296,,,2,78,,0.06,162506,,,,,,,,,,,,,,,,,,,,,,,,,,,,,,,,,,20140429-388,Sample,Instrument 1,P1-E8,,Success
,,,,,,,,,,,,,,,,,,,,,,162,,,Cpd 162: 3173.3368,,,,,,,,,,,,,,,,,,,,,,,,,Find by Molecular Feature,,3175.1354,1057.1076,4,,,20140429-388.d,17.354,,,6813,,,16,Negative,-2,-5,,3173.3368,,1056.7714,,100,17.032,,16.807,0.259,,,1,79,0.0041,0.25,629219,,,,,,,,,,,,,,,,,,,,,,,,,,,,,,,,,,20140429-388,Sample,Instrument 1,P1-E8,,Success
,,,,,,,,,,,,,,,,,,,,,,163,,,Cpd 163: 3213.3309,,,,,,,,,,,,,,,,,,,,,,,,,Find by Molecular Feature,,3215.0303,1070.4385,2,,,20140429-388.d,17.37,,,3445,,,11,Negative,-2,-3,,3213.3309,,1070.1037,,100,17.109,,16.906,0.245,,,2,80,0.0046,0.13,321830,,,,,,,,,,,,,,,,,,,,,,,,,,,,,,,,,,20140429-388,Sample,Instrument 1,P1-E8,,Success
,,,,,,,,,,,,,,,,,,,,,,164,,,Cpd 164: 3191.3479,,,,,,,,,,,,,,,,,,,,,,,,,Find by Molecular Feature,,3193.1132,1063.1097,4,,,20140429-388.d,17.553,,,16473,,,23,Negative,-2,-5,,3191.3479,,1062.775,,100,17.115,,16.856,0.284,,,2,80,0.0066,0.7,1772842,,,,,,,,,,,,,,,,,,,,,,,,,,,,,,,,,,20140429-388,Sample,Instrument 1,P1-E8,,Success
,,,,,,,,,,,,,,,,,,,,,,165,,,Cpd 165: 3807.4712,,,,,,,,,,,,,,,,,,,,,,,,,Find by Molecular Feature,,3808.8102,1268.4848,1,,,20140429-388.d,17.636,,,1201,,,4,Negative,-3,-3,,3807.4712,,1268.1498,,79.5,17.49,,17.37,0.154,,,4,81,,0.01,37395,,,,,,,,,,,,,,,,,,,,,,,,,,,,,,,,,,20140429-388,Sample,Instrument 1,P1-E8,,Success
,,,,,,,,,,,,,,,,,,,,,,166,,,Cpd 166: 3791.4993,,,,,,,,,,,,,,,,,,,,,,,,,Find by Molecular Feature,,3793.2201,1263.1598,2,,,20140429-388.d,17.851,,,6364,,,9,Negative,-2,-3,,3791.4993,,1262.8258,,100,17.502,,17.254,0.264,,,4,81,0.0011,0.17,428001,,,,,,,,,,,,,,,,,,,,,,,,,,,,,,,,,,20140429-388,Sample,Instrument 1,P1-E8,,Success
,,,,,,,,,,,,,,,,,,,,,,167,,,Cpd 167: 3813.4881,,,,,,,,,,,,,,,,,,,,,,,,,Find by Molecular Feature,,3814.903,1270.4868,1,,,20140429-388.d,17.719,,,1906,,,4,Negative,-3,-3,,3813.4881,,1270.1554,,100,17.504,,17.321,0.226,,,4,81,,0.04,93620,,,,,,,,,,,,,,,,,,,,,,,,,,,,,,,,,,20140429-388,Sample,Instrument 1,P1-E8,,Success
,,,,,,,,,,,,,,,,,,,,,,168,,,Cpd 168: 3769.5202,,,,,,,,,,,,,,,,,,,,,,,,,Find by Molecular Feature,,3771.2776,1255.8328,5,,,20140429-388.d,17.934,,,32423,,,29,Negative,-2,-6,,3769.5202,,1255.4993,,100,17.504,,17.221,0.276,,,4,81,0.0077,0.95,2412807,,,,,,,,,,,,,,,,,,,,,,,,,,,,,,,,,,20140429-388,Sample,Instrument 1,P1-E8,,Success
,,,,,,,,,,,,,,,,,,,,,,169,,,Cpd 169: 3504.4108,,,,,,,,,,,,,,,,,,,,,,,,,Find by Molecular Feature,,3505.6297,1167.1297,1,,,20140429-388.d,18.084,,,1683,,,4,Negative,-3,-3,,3504.4108,,1167.1297,,81.7,17.726,,17.47,0.333,,,1,82,,0.04,95019,,,,,,,,,,,,,,,,,,,,,,,,,,,,,,,,,,20140429-388,Sample,Instrument 1,P1-E8,,Success
,,,,,,,,,,,,,,,,,,,,,,170,,,Cpd 170: 3478.3801,,,,,,,,,,,,,,,,,,,,,,,,,Find by Molecular Feature,,3480.3386,1158.7861,4,,,20140429-388.d,18.233,,,9953,,,21,Negative,-2,-5,,3478.3801,,1158.4527,,100,17.879,,17.619,0.266,,,1,83,0.0088,0.36,906147,,,,,,,,,,,,,,,,,,,,,,,,,,,,,,,,,,20140429-388,Sample,Instrument 1,P1-E8,,Success
,,,,,,,,,,,,,,,,,,,,,,171,,,Cpd 171: 3540.3507,,,,,,,,,,,,,,,,,,,,,,,,,Find by Molecular Feature,,3542.0343,1179.4424,1,,,20140429-388.d,18.1,,,1884,,,5,Negative,-3,-3,,3540.3507,,1179.1096,,100,17.894,,17.669,0.221,,,4,84,,0.04,103544,,,,,,,,,,,,,,,,,,,,,,,,,,,,,,,,,,20140429-388,Sample,Instrument 1,P1-E8,,Success
,,,,,,,,,,,,,,,,,,,,,,172,,,Cpd 172: 3368.3980,,,,,,,,,,,,,,,,,,,,,,,,,Find by Molecular Feature,,3369.7293,672.871,1,,,20140429-388.d,18.117,,,832,,,4,Negative,-5,-5,,3368.398,,672.6723,,86.2,17.901,,17.735,0.221,,,4,84,,0.02,38808,,,,,,,,,,,,,,,,,,,,,,,,,,,,,,,,,,20140429-388,Sample,Instrument 1,P1-E8,,Success
,,,,,,,,,,,,,,,,,,,,,,173,,,Cpd 173: 3518.3674,,,,,,,,,,,,,,,,,,,,,,,,,Find by Molecular Feature,,3520.3271,1172.1174,2,,,20140429-388.d,18.216,,,6248,,,11,Negative,-2,-3,,3518.3674,,1171.7818,,100,17.905,,17.569,0.281,,,4,84,0.0017,0.2,510976,,,,,,,,,,,,,,,,,,,,,,,,,,,,,,,,,,20140429-388,Sample,Instrument 1,P1-E8,,Success
,,,,,,,,,,,,,,,,,,,,,,174,,,Cpd 174: 3496.3903,,,,,,,,,,,,,,,,,,,,,,,,,Find by Molecular Feature,,3498.1958,1164.7893,5,,,20140429-388.d,18.465,,,29042,,,25,Negative,-2,-6,,3496.3903,,1164.4558,,100,17.914,,17.619,0.291,,,4,84,0.0055,0.98,2484556,,,,,,,,,,,,,,,,,,,,,,,,,,,,,,,,,,20140429-388,Sample,Instrument 1,P1-E8,,Success
,,,,,,,,,,,,,,,,,,,,,,175,,,Cpd 175: 3528.4416,,,,,,,,,,,,,,,,,,,,,,,,,Find by Molecular Feature,,3529.7372,1175.4752,1,,,20140429-388.d,18.316,,,2359,,,4,Negative,-3,-3,,3528.4416,,1175.1399,,100,18.011,,17.802,0.289,,,1,85,,0.05,130734,,,,,,,,,,,,,,,,,,,,,,,,,,,,,,,,,,20140429-388,Sample,Instrument 1,P1-E8,,Success
,,,,,,,,,,,,,,,,,,,,,,176,,,Cpd 176: 3524.3806,,,,,,,,,,,,,,,,,,,,,,,,,Find by Molecular Feature,,3525.6912,1174.1206,1,,,20140429-388.d,18.564,,,1544,,,4,Negative,-3,-3,,3524.3806,,1173.7863,,80,18.302,,18.15,0.233,,,1,86,,0.03,63751,,,,,,,,,,,,,,,,,,,,,,,,,,,,,,,,,,20140429-388,Sample,Instrument 1,P1-E8,,Success
,,,,,,,,,,,,,,,,,,,,,,177,,,Cpd 177: 4136.5296,,,,,,,,,,,,,,,,,,,,,,,,,Find by Molecular Feature,,4138.3048,1378.1641,1,,,20140429-388.d,18.73,,,2208,,,5,Negative,-3,-3,,4136.5296,,1377.8359,,80,18.511,,18.349,0.21,,,5,87,,0.04,93673,,,,,,,,,,,,,,,,,,,,,,,,,,,,,,,,,,20140429-388,Sample,Instrument 1,P1-E8,,Success
,,,,,,,,,,,,,,,,,,,,,,178,,,Cpd 178: 4154.4939,,,,,,,,,,,,,,,,,,,,,,,,,Find by Molecular Feature,,4157.4893,1384.4906,1,,,20140429-388.d,18.73,,,2185,,,7,Negative,-3,-3,,4154.4939,,1383.824,,92.8,18.515,,18.332,0.222,,,5,87,,0.07,183915,,,,,,,,,,,,,,,,,,,,,,,,,,,,,,,,,,20140429-388,Sample,Instrument 1,P1-E8,,Success
,,,,,,,,,,,,,,,,,,,,,,179,,,Cpd 179: 4142.5267,,,,,,,,,,,,,,,,,,,,,,,,,Find by Molecular Feature,,4144.2509,1380.1709,1,,,20140429-388.d,18.763,,,3278,,,5,Negative,-3,-3,,4142.5267,,1379.8349,,100,18.518,,18.316,0.244,,,5,87,,0.07,174024,,,,,,,,,,,,,,,,,,,,,,,,,,,,,,,,,,20140429-388,Sample,Instrument 1,P1-E8,,Success
,,,,,,,,,,,,,,,,,,,,,,180,,,Cpd 180: 4098.5705,,,,,,,,,,,,,,,,,,,,,,,,,Find by Molecular Feature,,4100.4905,1365.516,6,,,20140429-388.d,19.078,,,46663,,,37,Negative,-2,-7,,4098.5705,,1365.1824,,100,18.521,,18.2,0.297,,,5,87,0.0096,1.62,4107779,,,,,,,,,,,,,,,,,,,,,,,,,,,,,,,,,,20140429-388,Sample,Instrument 1,P1-E8,,Success
,,,,,,,,,,,,,,,,,,,,,,181,,,Cpd 181: 4120.5530,,,,,,,,,,,,,,,,,,,,,,,,,Find by Molecular Feature,,4122.5902,1372.8437,1,,,20140429-388.d,18.846,,,9550,,,7,Negative,-3,-3,,4120.553,,1372.5104,,87.9,18.523,,18.266,0.284,,,5,87,,0.27,670601,,,,,,,,,,,,,,,,,,,,,,,,,,,,,,,,,,20140429-388,Sample,Instrument 1,P1-E8,,Success
,,,,,,,,,,,,,,,,,,,,,,182,,,Cpd 182: 3833.4686,,,,,,,,,,,,,,,,,,,,,,,,,Find by Molecular Feature,,3835.0255,1277.1541,1,,,20140429-388.d,19.029,,,2544,,,5,Negative,-3,-3,,3833.4686,,1276.8156,,100,18.644,,18.415,0.319,,,1,88,,0.06,153630,,,,,,,,,,,,,,,,,,,,,,,,,,,,,,,,,,20140429-388,Sample,Instrument 1,P1-E8,,Success
,,,,,,,,,,,,,,,,,,,,,,183,,,Cpd 183: 4127.5664,,,,,,,,,,,,,,,,,,,,,,,,,Find by Molecular Feature,,4128.4233,1374.8482,1,,,20140429-388.d,18.929,,,1554,,,3,Negative,-3,-3,,4127.5664,,1374.8482,,100,18.736,,18.548,0.227,,,2,89,,0.02,59840,,,,,,,,,,,,,,,,,,,,,,,,,,,,,,,,,,20140429-388,Sample,Instrument 1,P1-E8,,Success
,,,,,,,,,,,,,,,,,,,,,,184,,,Cpd 184: 3874.4752,,,,,,,,,,,,,,,,,,,,,,,,,Find by Molecular Feature,,3875.2473,1290.4845,1,,,20140429-388.d,18.929,,,1548,,,3,Negative,-3,-3,,3874.4752,,1290.4845,,100,18.748,,18.581,0.206,,,2,89,,0.02,43221,,,,,,,,,,,,,,,,,,,,,,,,,,,,,,,,,,20140429-388,Sample,Instrument 1,P1-E8,,Success
,,,,,,,,,,,,,,,,,,,,,,185,,,Cpd 185: 3807.4283,,,,,,,,,,,,,,,,,,,,,,,,,Find by Molecular Feature,,3809.6459,1268.8046,1,,,20140429-388.d,19.161,,,6965,,,7,Negative,-3,-3,,3807.4283,,1268.1355,,100,18.806,,18.531,0.289,,,1,90,,0.22,551215,,,,,,,,,,,,,,,,,,,,,,,,,,,,,,,,,,20140429-388,Sample,Instrument 1,P1-E8,,Success
,,,,,,,,,,,,,,,,,,,,,,186,,,Cpd 186: 3869.4088,,,,,,,,,,,,,,,,,,,,,,,,,Find by Molecular Feature,,3871.3758,1289.4619,1,,,20140429-388.d,19.029,,,1627,,,5,Negative,-3,-3,,3869.4088,,1288.7957,,80,18.822,,18.598,0.233,,,3,91,,0.04,96443,,,,,,,,,,,,,,,,,,,,,,,,,,,,,,,,,,20140429-388,Sample,Instrument 1,P1-E8,,Success
,,,,,,,,,,,,,,,,,,,,,,187,,,Cpd 187: 3825.4357,,,,,,,,,,,,,,,,,,,,,,,,,Find by Molecular Feature,,3827.5186,1274.4732,5,,,20140429-388.d,19.294,,,20644,,,27,Negative,-2,-6,,3825.4357,,1274.1379,,100,18.825,,18.349,0.294,,,3,91,0.0081,0.74,1875570,,,,,,,,,,,,,,,,,,,,,,,,,,,,,,,,,,20140429-388,Sample,Instrument 1,P1-E8,,Success
,,,,,,,,,,,,,,,,,,,,,,188,,,Cpd 188: 3847.4138,,,,,,,,,,,,,,,,,,,,,,,,,Find by Molecular Feature,,3849.5829,1281.8009,1,,,20140429-388.d,19.161,,,4767,,,7,Negative,-3,-3,,3847.4138,,1281.464,,100,18.828,,18.581,0.28,,,3,91,,0.13,335318,,,,,,,,,,,,,,,,,,,,,,,,,,,,,,,,,,20140429-388,Sample,Instrument 1,P1-E8,,Success
,,,,,,,,,,,,,,,,,,,,,,189,,,Cpd 189: 4447.5730,,,,,,,,,,,,,,,,,,,,,,,,,Find by Molecular Feature,,4449.4118,1482.1845,1,,,20140429-388.d,19.294,,,2395,,,5,Negative,-3,-3,,4447.573,,1481.5171,,80,19.082,,18.913,0.23,,,4,92,,0.05,115525,,,,,,,,,,,,,,,,,,,,,,,,,,,,,,,,,,20140429-388,Sample,Instrument 1,P1-E8,,Success
,,,,,,,,,,,,,,,,,,,,,,190,,,Cpd 190: 4459.5241,,,,,,,,,,,,,,,,,,,,,,,,,Find by Molecular Feature,,4462.212,1486.1703,1,,,20140429-388.d,19.244,,,1809,,,6,Negative,-3,-3,,4459.5241,,1485.5008,,80,19.082,,18.913,0.202,,,4,92,,0.05,123334,,,,,,,,,,,,,,,,,,,,,,,,,,,,,,,,,,20140429-388,Sample,Instrument 1,P1-E8,,Success
,,,,,,,,,,,,,,,,,,,,,,191,,,Cpd 191: 4403.6102,,,,,,,,,,,,,,,,,,,,,,,,,Find by Molecular Feature,,4405.6601,1467.1966,6,,,20140429-388.d,19.543,,,30255,,,35,Negative,-2,-7,,4403.6102,,1466.8622,,100,19.086,,18.78,0.294,,,4,92,0.0094,1.12,2843491,,,,,,,,,,,,,,,,,,,,,,,,,,,,,,,,,,20140429-388,Sample,Instrument 1,P1-E8,,Success
,,,,,,,,,,,,,,,,,,,,,,192,,,Cpd 192: 4425.5892,,,,,,,,,,,,,,,,,,,,,,,,,Find by Molecular Feature,,4427.6722,1474.5233,1,,,20140429-388.d,19.377,,,6749,,,7,Negative,-3,-3,,4425.5892,,1474.1891,,100,19.089,,18.846,0.275,,,4,92,,0.19,471918,,,,,,,,,,,,,,,,,,,,,,,,,,,,,,,,,,20140429-388,Sample,Instrument 1,P1-E8,,Success
,,,,,,,,,,,,,,,,,,,,,,193,,,Cpd 193: 4131.4759,,,,,,,,,,,,,,,,,,,,,,,,,Find by Molecular Feature,,4132.8636,1376.4878,1,,,20140429-388.d,19.244,,,1378,,,4,Negative,-3,-3,,4131.4759,,1376.1514,,80,19.118,,18.962,0.174,,,1,93,,0.02,44908,,,,,,,,,,,,,,,,,,,,,,,,,,,,,,,,,,20140429-388,Sample,Instrument 1,P1-E8,,Success
,,,,,,,,,,,,,,,,,,,,,,194,,,Cpd 194: 3853.4389,,,,,,,,,,,,,,,,,,,,,,,,,Find by Molecular Feature,,3855.2228,1283.804,1,,,20140429-388.d,19.394,,,1129,,,5,Negative,-3,-3,,3853.4389,,1283.4724,,80,19.191,,18.996,0.203,,,1,94,,0.02,53988,,,,,,,,,,,,,,,,,,,,,,,,,,,,,,,,,,20140429-388,Sample,Instrument 1,P1-E8,,Success
,,,,,,,,,,,,,,,,,,,,,,195,,,Cpd 195: 4138.5125,,,,,,,,,,,,,,,,,,,,,,,,,Find by Molecular Feature,,4140.2141,1378.8323,1,,,20140429-388.d,19.493,,,1797,,,5,Negative,-3,-3,,4138.5125,,1378.4969,,100,19.259,,19.078,0.242,,,1,95,,0.04,93678,,,,,,,,,,,,,,,,,,,,,,,,,,,,,,,,,,20140429-388,Sample,Instrument 1,P1-E8,,Success
,,,,,,,,,,,,,,,,,,,,,,196,,,Cpd 196: 4170.4822,,,,,,,,,,,,,,,,,,,,,,,,,Find by Molecular Feature,,4172.7812,1389.4876,5,,,20140429-388.d,19.957,,,17532,,,27,Negative,-2,-6,,4170.4822,,1389.1534,,100,19.434,,19.112,0.31,,,4,96,0.0057,0.7,1764036,,,,,,,,,,,,,,,,,,,,,,,,,,,,,,,,,,20140429-388,Sample,Instrument 1,P1-E8,,Success
,,,,,,,,,,,,,,,,,,,,,,197,,,Cpd 197: 4192.4643,,,,,,,,,,,,,,,,,,,,,,,,,Find by Molecular Feature,,4194.6005,1396.8157,1,,,20140429-388.d,19.758,,,4021,,,6,Negative,-3,-3,,4192.4643,,1396.4808,,100,19.437,,19.195,0.287,,,4,96,,0.12,300850,,,,,,,,,,,,,,,,,,,,,,,,,,,,,,,,,,20140429-388,Sample,Instrument 1,P1-E8,,Success
,,,,,,,,,,,,,,,,,,,,,,198,,,Cpd 198: 4227.4170,,,,,,,,,,,,,,,,,,,,,,,,,Find by Molecular Feature,,4228.8665,1408.4619,1,,,20140429-388.d,19.659,,,1334,,,4,Negative,-3,-3,,4227.417,,1408.1317,,81.2,19.448,,19.311,0.197,,,4,96,,0.02,62988,,,,,,,,,,,,,,,,,,,,,,,,,,,,,,,,,,20140429-388,Sample,Instrument 1,P1-E8,,Success
,,,,,,,,,,,,,,,,,,,,,,199,,,Cpd 199: 4152.4729,,,,,,,,,,,,,,,,,,,,,,,,,Find by Molecular Feature,,4154.789,1383.8195,1,,,20140429-388.d,19.841,,,6530,,,7,Negative,-3,-3,,4152.4729,,1383.1504,,100,19.451,,19.161,0.303,,,4,96,,0.23,571886,,,,,,,,,,,,,,,,,,,,,,,,,,,,,,,,,,20140429-388,Sample,Instrument 1,P1-E8,,Success
,,,,,,,,,,,,,,,,,,,,,,200,,,Cpd 200: 4752.6143,,,,,,,,,,,,,,,,,,,,,,,,,Find by Molecular Feature,,4754.4764,1583.8663,1,,,20140429-388.d,19.858,,,1687,,,5,Negative,-3,-3,,4752.6143,,1583.1975,,80,19.69,,19.543,0.183,,,4,97,,0.03,83846,,,,,,,,,,,,,,,,,,,,,,,,,,,,,,,,,,20140429-388,Sample,Instrument 1,P1-E8,,Success
,,,,,,,,,,,,,,,,,,,,,,201,,,Cpd 201: 4764.5794,,,,,,,,,,,,,,,,,,,,,,,,,Find by Molecular Feature,,4767.2855,1588.5184,1,,,20140429-388.d,19.858,,,1635,,,6,Negative,-3,-3,,4764.5794,,1587.1858,,80,19.694,,19.526,0.199,,,4,97,,0.04,110896,,,,,,,,,,,,,,,,,,,,,,,,,,,,,,,,,,20140429-388,Sample,Instrument 1,P1-E8,,Success
,,,,,,,,,,,,,,,,,,,,,,202,,,Cpd 202: 4708.6552,,,,,,,,,,,,,,,,,,,,,,,,,Find by Molecular Feature,,4710.8525,1569.2108,5,,,20140429-388.d,20.156,,,23504,,,33,Negative,-3,-7,,4708.6552,,1568.5428,,100,19.698,,19.41,0.296,,,4,97,0.0174,0.96,2432613,,,,,,,,,,,,,,,,,,,,,,,,,,,,,,,,,,20140429-388,Sample,Instrument 1,P1-E8,,Success
,,,,,,,,,,,,,,,,,,,,,,203,,,Cpd 203: 4730.6309,,,,,,,,,,,,,,,,,,,,,,,,,Find by Molecular Feature,,4732.9311,1576.5376,1,,,20140429-388.d,19.974,,,5517,,,7,Negative,-3,-3,,4730.6309,,1575.8697,,100,19.699,,19.476,0.26,,,4,97,,0.15,378169,,,,,,,,,,,,,,,,,,,,,,,,,,,,,,,,,,20140429-388,Sample,Instrument 1,P1-E8,,Success
,,,,,,,,,,,,,,,,,,,,,,204,,,Cpd 204: 4458.4981,,,,,,,,,,,,,,,,,,,,,,,,,Find by Molecular Feature,,4461.1424,1485.8265,3,,,20140429-388.d,20.471,,,8207,,,18,Negative,-3,-6,,4458.4981,,1485.1586,,100,20.036,,19.742,0.308,,,1,98,0.0151,0.31,787263,,,,,,,,,,,,,,,,,,,,,,,,,,,,,,,,,,20140429-388,Sample,Instrument 1,P1-E8,,Success
,,,,,,,,,,,,,,,,,,,,,,205,,,Cpd 205: 4476.5104,,,,,,,,,,,,,,,,,,,,,,,,,Find by Molecular Feature,,4478.8888,1491.8299,5,,,20140429-388.d,20.604,,,21535,,,31,Negative,-3,-7,,4476.5104,,1491.1622,,100,20.054,,19.725,0.321,,,2,99,0.0089,0.96,2421767,,,,,,,,,,,,,,,,,,,,,,,,,,,,,,,,,,20140429-388,Sample,Instrument 1,P1-E8,,Success
,,,,,,,,,,,,,,,,,,,,,,206,,,Cpd 206: 4498.4838,,,,,,,,,,,,,,,,,,,,,,,,,Find by Molecular Feature,,4500.8435,1499.1565,1,,,20140429-388.d,20.538,,,4727,,,7,Negative,-3,-3,,4498.4838,,1498.4873,,100,20.058,,19.808,0.314,,,2,99,,0.17,435272,,,,,,,,,,,,,,,,,,,,,,,,,,,,,,,,,,20140429-388,Sample,Instrument 1,P1-E8,,Success
,,,,,,,,,,,,,,,,,,,,,,207,,,Cpd 207: 5035.6693,,,,,,,,,,,,,,,,,,,,,,,,,Find by Molecular Feature,,5037.6184,1678.2171,1,,,20140429-388.d,20.438,,,3023,,,5,Negative,-3,-3,,5035.6693,,1677.5492,,80,20.266,,20.09,0.21,,,2,100,,0.06,160998,,,,,,,,,,,,,,,,,,,,,,,,,,,,,,,,,,20140429-388,Sample,Instrument 1,P1-E8,,Success
,,,,,,,,,,,,,,,,,,,,,,208,,,Cpd 208: 5013.6898,,,,,,,,,,,,,,,,,,,,,,,,,Find by Molecular Feature,,5015.9403,1670.8915,5,,,20140429-388.d,20.621,,,12599,,,30,Negative,-3,-7,,5013.6898,,1670.2221,,100,20.271,,20.007,0.275,,,2,100,0.0058,0.53,1351221,,,,,,,,,,,,,,,,,,,,,,,,,,,,,,,,,,20140429-388,Sample,Instrument 1,P1-E8,,Success
,,,,,,,,,,,,,,,,,,,,,,209,,,Cpd 209: 4763.5382,,,,,,,,,,,,,,,,,,,,,,,,,Find by Molecular Feature,,4766.3517,1587.5074,2,,,20140429-388.d,21.035,,,7074,,,14,Negative,-3,-4,,4763.5382,,1586.8386,,100,20.596,,20.306,0.312,,,4,101,0.0183,0.29,726768,,,,,,,,,,,,,,,,,,,,,,,,,,,,,,,,,,20140429-388,Sample,Instrument 1,P1-E8,,Success
,,,,,,,,,,,,,,,,,,,,,,210,,,Cpd 210: 4781.5503,,,,,,,,,,,,,,,,,,,,,,,,,Find by Molecular Feature,,4783.9663,1593.5098,5,,,20140429-388.d,21.118,,,19573,,,30,Negative,-3,-7,,4781.5503,,1592.8417,,100,20.599,,20.256,0.322,,,4,101,0.0135,0.96,2434935,,,,,,,,,,,,,,,,,,,,,,,,,,,,,,,,,,20140429-388,Sample,Instrument 1,P1-E8,,Success
,,,,,,,,,,,,,,,,,,,,,,211,,,Cpd 211: 4803.5297,,,,,,,,,,,,,,,,,,,,,,,,,Find by Molecular Feature,,4805.7544,1600.5011,1,,,20140429-388.d,20.919,,,5097,,,6,Negative,-3,-3,,4803.5297,,1600.1693,,100,20.6,,20.339,0.292,,,4,101,,0.15,380812,,,,,,,,,,,,,,,,,,,,,,,,,,,,,,,,,,20140429-388,Sample,Instrument 1,P1-E8,,Success
,,,,,,,,,,,,,,,,,,,,,,212,,,Cpd 212: 4838.4793,,,,,,,,,,,,,,,,,,,,,,,,,Find by Molecular Feature,,4840.5143,1612.8146,1,,,20140429-388.d,20.82,,,2341,,,5,Negative,-3,-3,,4838.4793,,1611.8191,,80,20.611,,20.438,0.227,,,4,101,,0.06,143722,,,,,,,,,,,,,,,,,,,,,,,,,,,,,,,,,,20140429-388,Sample,Instrument 1,P1-E8,,Success
,,,,,,,,,,,,,,,,,,,,,,213,,,Cpd 213: 5357.6667,,,,,,,,,,,,,,,,,,,,,,,,,Find by Molecular Feature,,5359.9741,1785.5505,2,,,20140429-388.d,21.085,,,3658,,,12,Negative,-3,-4,,5357.6667,,1784.8816,,80,20.854,,20.67,0.227,,,3,102,0.0007,0.11,282976,,,,,,,,,,,,,,,,,,,,,,,,,,,,,,,,,,20140429-388,Sample,Instrument 1,P1-E8,,Success
,,,,,,,,,,,,,,,,,,,,,,214,,,Cpd 214: 5335.6936,,,,,,,,,,,,,,,,,,,,,,,,,Find by Molecular Feature,,5338.1981,1778.223,5,,,20140429-388.d,21.267,,,15422,,,30,Negative,-3,-7,,5335.6936,,1777.5565,,100,20.858,,20.554,0.303,,,3,102,0.0057,0.81,2038363,,,,,,,,,,,,,,,,,,,,,,,,,,,,,,,,,,20140429-388,Sample,Instrument 1,P1-E8,,Success
,,,,,,,,,,,,,,,,,,,,,,215,,,Cpd 215: 4810.5419,,,,,,,,,,,,,,,,,,,,,,,,,Find by Molecular Feature,,4811.808,1602.842,1,,,20140429-388.d,21.102,,,1599,,,4,Negative,-3,-3,,4810.5419,,1602.5067,,80,20.862,,20.654,0.28,,,3,102,,0.03,82812,,,,,,,,,,,,,,,,,,,,,,,,,,,,,,,,,,20140429-388,Sample,Instrument 1,P1-E8,,Success
,,,,,,,,,,,,,,,,,,,,,,216,,,Cpd 216: 5069.5678,,,,,,,,,,,,,,,,,,,,,,,,,Find by Molecular Feature,,5072.1602,1689.5146,2,,,20140429-388.d,21.483,,,5764,,,14,Negative,-3,-4,,5069.5678,,1688.8477,,100,21.15,,20.886,0.292,,,5,103,0.0153,0.25,641055,,,,,,,,,,,,,,,,,,,,,,,,,,,,,,,,,,20140429-388,Sample,Instrument 1,P1-E8,,Success
,,,,,,,,,,,,,,,,,,,,,,217,,,Cpd 217: 5125.5065,,,,,,,,,,,,,,,,,,,,,,,,,Find by Molecular Feature,,5129.0688,1708.1642,1,,,20140429-388.d,21.367,,,2578,,,8,Negative,-3,-3,,5125.5065,,1707.4949,,80,21.152,,21.002,0.2,,,5,103,,0.08,195439,,,,,,,,,,,,,,,,,,,,,,,,,,,,,,,,,,20140429-388,Sample,Instrument 1,P1-E8,,Success
,,,,,,,,,,,,,,,,,,,,,,218,,,Cpd 218: 5143.5128,,,,,,,,,,,,,,,,,,,,,,,,,Find by Molecular Feature,,5146.8815,1714.8226,2,,,20140429-388.d,21.367,,,2873,,,14,Negative,-3,-4,,5143.5128,,1713.4936,,80,21.152,,20.986,0.224,,,5,103,0.0677,0.13,339048,,,,,,,,,,,,,,,,,,,,,,,,,,,,,,,,,,20140429-388,Sample,Instrument 1,P1-E8,,Success
,,,,,,,,,,,,,,,,,,,,,,219,,,Cpd 219: 5087.5738,,,,,,,,,,,,,,,,,,,,,,,,,Find by Molecular Feature,,5090.1707,1695.5172,6,,,20140429-388.d,21.765,,,26516,,,42,Negative,-3,-8,,5087.5738,,1694.8497,,100,21.154,,20.82,0.32,,,5,103,0.0135,1.44,3648210,,,,,,,,,,,,,,,,,,,,,,,,,,,,,,,,,,20140429-388,Sample,Instrument 1,P1-E8,,Success
,,,,,,,,,,,,,,,,,,,,,,220,,,Cpd 220: 5109.5477,,,,,,,,,,,,,,,,,,,,,,,,,Find by Molecular Feature,,5112.1733,1702.8435,2,,,20140429-388.d,21.533,,,6430,,,15,Negative,-3,-4,,5109.5477,,1702.1753,,100,21.157,,20.886,0.301,,,5,103,0.001,0.26,656475,,,,,,,,,,,,,,,,,,,,,,,,,,,,,,,,,,20140429-388,Sample,Instrument 1,P1-E8,,Success
,,,,,,,,,,,,,,,,,,,,,,221,,,Cpd 221: 2821.3608,,,,,,,,,,,,,,,,,,,,,,,,,Find by Molecular Feature,,2821.7398,939.4463,1,,,20140429-388.d,21.516,,,1001,,,2,Negative,-3,-3,,2821.3608,,939.4463,,78.5,21.291,,21.135,0.247,,,3,104,,0.01,26390,,,,,,,,,,,,,,,,,,,,,,,,,,,,,,,,,,20140429-388,Sample,Instrument 1,P1-E8,,Success
,,,,,,,,,,,,,,,,,,,,,,222,,,Cpd 222: 2820.8561,,,,,,,,,,,,,,,,,,,,,,,,,Find by Molecular Feature,,2821.7041,939.2781,1,,,20140429-388.d,21.466,,,1035,,,3,Negative,-3,-3,,2820.8561,,939.2781,,100,21.299,,21.151,0.2,,,3,104,,0.01,32588,,,,,,,,,,,,,,,,,,,,,,,,,,,,,,,,,,20140429-388,Sample,Instrument 1,P1-E8,,Success
,,,,,,,,,,,,,,,,,,,,,,223,,,Cpd 223: 5641.7256,,,,,,,,,,,,,,,,,,,,,,,,,Find by Molecular Feature,,5643.3002,805.0971,2,,,20140429-388.d,21.45,,,1358,,,9,Negative,-7,-8,,5641.7256,,804.9535,,77.1,21.299,,21.135,0.177,,,3,104,0.001,0.02,57690,,,,,,,,,,,,,,,,,,,,,,,,,,,,,,,,,,20140429-388,Sample,Instrument 1,P1-E8,,Success
,,,,,,,,,,,,,,,,,,,,,,224,,,Cpd 224: 5640.7333,,,,,,,,,,,,,,,,,,,,,,,,,Find by Molecular Feature,,5643.2623,1879.9028,4,,,20140429-388.d,21.632,,,5970,,,19,Negative,-3,-6,,5640.7333,,1879.2363,,100,21.312,,21.068,0.282,,,1,105,0.0084,0.33,822347,,,,,,,,,,,,,,,,,,,,,,,,,,,,,,,,,,20140429-388,Sample,Instrument 1,P1-E8,,Success
,,,,,,,,,,,,,,,,,,,,,,225,,,Cpd 225: 5473.5450,,,,,,,,,,,,,,,,,,,,,,,,,Find by Molecular Feature,,5475.8949,1824.1736,2,,,20140429-388.d,21.914,,,2044,,,11,Negative,-3,-4,,5473.545,,1823.5055,,80,21.668,,21.5,0.215,,,4,106,0.0146,0.09,223602,,,,,,,,,,,,,,,,,,,,,,,,,,,,,,,,,,20140429-388,Sample,Instrument 1,P1-E8,,Success
,,,,,,,,,,,,,,,,,,,,,,226,,,Cpd 226: 5416.6281,,,,,,,,,,,,,,,,,,,,,,,,,Find by Molecular Feature,,5419.2455,1805.2009,6,,,20140429-388.d,22.113,,,17599,,,41,Negative,-3,-8,,5416.6281,,1804.5329,,100,21.669,,21.35,0.307,,,4,106,0.0129,1.18,2979500,,,,,,,,,,,,,,,,,,,,,,,,,,,,,,,,,,20140429-388,Sample,Instrument 1,P1-E8,,Success
,,,,,,,,,,,,,,,,,,,,,,227,,,Cpd 227: 5399.6178,,,,,,,,,,,,,,,,,,,,,,,,,Find by Molecular Feature,,5401.544,1799.5357,2,,,20140429-388.d,21.964,,,2512,,,9,Negative,-3,-4,,5399.6178,,1798.8634,,80,21.671,,21.483,0.25,,,4,106,0.0152,0.09,224251,,,,,,,,,,,,,,,,,,,,,,,,,,,,,,,,,,20140429-388,Sample,Instrument 1,P1-E8,,Success
,,,,,,,,,,,,,,,,,,,,,,228,,,Cpd 228: 5438.6074,,,,,,,,,,,,,,,,,,,,,,,,,Find by Molecular Feature,,5441.4978,1812.5273,2,,,20140429-388.d,21.98,,,3912,,,15,Negative,-3,-4,,5438.6074,,1811.8599,,98.9,21.676,,21.433,0.265,,,4,106,0.0208,0.18,443551,,,,,,,,,,,,,,,,,,,,,,,,,,,,,,,,,,20140429-388,Sample,Instrument 1,P1-E8,,Success
,,,,,,,,,,,,,,,,,,,,,,229,,,Cpd 229: 5962.7306,,,,,,,,,,,,,,,,,,,,,,,,,Find by Molecular Feature,,5965.3747,1490.1775,2,,,20140429-388.d,21.947,,,4915,,,12,Negative,-3,-4,,5962.7306,,1489.6762,,100,21.716,,21.417,0.265,,,1,107,0.011,0.25,631793,,,,,,,,,,,,,,,,,,,,,,,,,,,,,,,,,,20140429-388,Sample,Instrument 1,P1-E8,,Success
,,,,,,,,,,,,,,,,,,,,,,230,,,Cpd 230: 5985.7366,,,,,,,,,,,,,,,,,,,,,,,,,Find by Molecular Feature,,5988.3451,1495.9297,1,,,20140429-388.d,21.947,,,2595,,,6,Negative,-4,-4,,5985.7366,,1495.4269,,80,21.792,,21.533,0.239,,,1,108,,0.06,163270,,,,,,,,,,,,,,,,,,,,,,,,,,,,,,,,,,20140429-388,Sample,Instrument 1,P1-E8,,Success
,,,,,,,,,,,,,,,,,,,,,,231,,,Cpd 231: 5743.6377,,,,,,,,,,,,,,,,,,,,,,,,,Find by Molecular Feature,,5745.7565,1914.206,2,,,20140429-388.d,22.246,,,3507,,,10,Negative,-3,-4,,5743.6377,,1913.5383,,80,21.926,,21.732,0.226,,,4,109,0.0013,0.13,327660,,,,,,,,,,,,,,,,,,,,,,,,,,,,,,,,,,20140429-388,Sample,Instrument 1,P1-E8,,Success
,,,,,,,,,,,,,,,,,,,,,,232,,,Cpd 232: 5778.5939,,,,,,,,,,,,,,,,,,,,,,,,,Find by Molecular Feature,,5780.8707,1926.1888,2,,,20140429-388.d,22.113,,,2029,,,11,Negative,-3,-4,,5778.5939,,1925.1891,,80,21.928,,21.781,0.181,,,4,109,0.006,0.09,221844,,,,,,,,,,,,,,,,,,,,,,,,,,,,,,,,,,20140429-388,Sample,Instrument 1,P1-E8,,Success
,,,,,,,,,,,,,,,,,,,,,,233,,,Cpd 233: 5721.6703,,,,,,,,,,,,,,,,,,,,,,,,,Find by Molecular Feature,,5724.299,1906.8809,6,,,20140429-388.d,22.511,,,15616,,,34,Negative,-3,-8,,5721.6703,,1906.2139,,100,21.939,,21.649,0.292,,,4,109,0.0091,1.26,3184512,,,,,,,,,,,,,,,,,,,,,,,,,,,,,,,,,,20140429-388,Sample,Instrument 1,P1-E8,,Success
,,,,,,,,,,,,,,,,,,,,,,234,,,Cpd 234: 5704.6552,,,,,,,,,,,,,,,,,,,,,,,,,Find by Molecular Feature,,5706.638,1901.2119,2,,,20140429-388.d,22.229,,,2324,,,10,Negative,-3,-4,,5704.6552,,1900.5428,,83.3,21.944,,21.765,0.23,,,4,109,0.0071,0.09,232010,,,,,,,,,,,,,,,,,,,,,,,,,,,,,,,,,,20140429-388,Sample,Instrument 1,P1-E8,,Success
,,,,,,,,,,,,,,,,,,,,,,235,,,Cpd 235: 5759.6114,,,,,,,,,,,,,,,,,,,,,,,,,Find by Molecular Feature,,5762.462,1439.3973,1,,,20140429-388.d,22.229,,,2007,,,7,Negative,-4,-4,,5759.6114,,1438.8956,,80,21.992,,21.798,0.232,,,1,110,,0.05,131518,,,,,,,,,,,,,,,,,,,,,,,,,,,,,,,,,,20140429-388,Sample,Instrument 1,P1-E8,,Success
,,,,,,,,,,,,,,,,,,,,,,236,,,Cpd 236: 6385.6650,,,,,,,,,,,,,,,,,,,,,,,,,Find by Molecular Feature,,6390.6639,1596.4091,1,,,20140429-388.d,22.677,,,3330,,,10,Negative,-4,-4,,6385.665,,1595.409,,80,22.23,,21.947,0.425,,,1,111,,0.28,715354,,,,,,,,,,,,,,,,,,,,,,,,,,,,,,,,,,20140429-388,Sample,Instrument 1,P1-E8,,Success
,,,,,,,,,,,,,,,,,,,,,,237,,,Cpd 237: 6348.6963,,,,,,,,,,,,,,,,,,,,,,,,,Find by Molecular Feature,,6351.1342,792.8289,1,,,20140429-388.d,22.677,,,4086,,,6,Negative,-8,-8,,6348.6963,,792.5798,,80,22.248,,22.014,0.353,,,2,112,,0.16,397284,,,,,,,,,,,,,,,,,,,,,,,,,,,,,,,,,,20140429-388,Sample,Instrument 1,P1-E8,,Success
,,,,,,,,,,,,,,,,,,,,,,238,,,Cpd 238: 6368.6844,,,,,,,,,,,,,,,,,,,,,,,,,Find by Molecular Feature,,6372.1962,2122.8846,1,,,20140429-388.d,22.677,,,2730,,,8,Negative,-3,-3,,6368.6844,,2121.8875,,100,22.254,,21.964,0.461,,,2,112,,0.23,569277,,,,,,,,,,,,,,,,,,,,,,,,,,,,,,,,,,20140429-388,Sample,Instrument 1,P1-E8,,Success
,,,,,,,,,,,,,,,,,,,,,,239,,,Cpd 239: 6367.6981,,,,,,,,,,,,,,,,,,,,,,,,,Find by Molecular Feature,,6372.1766,1591.6642,1,,,20140429-388.d,23.042,,,6192,,,10,Negative,-4,-4,,6367.6981,,1590.9172,,80,22.263,,21.914,0.541,,,7,113,,0.58,1460033,,,,,,,,,,,,,,,,,,,,,,,,,,,,,,,,,,20140429-388,Sample,Instrument 1,P1-E8,,Success
,,,,,,,,,,,,,,,,,,,,,,240,,,Cpd 240: 6347.7088,,,,,,,,,,,,,,,,,,,,,,,,,Find by Molecular Feature,,6351.2631,906.0927,3,,,20140429-388.d,22.859,,,5352,,,21,Negative,-5,-7,,6347.7088,,905.8114,,80,22.267,,21.914,0.462,,,7,113,0.0172,0.62,1560914,,,,,,,,,,,,,,,,,,,,,,,,,,,,,,,,,,20140429-388,Sample,Instrument 1,P1-E8,,Success
,,,,,,,,,,,,,,,,,,,,,,241,,,Cpd 241: 6331.7192,,,,,,,,,,,,,,,,,,,,,,,,,Find by Molecular Feature,,6333.1236,702.6252,1,,,20140429-388.d,22.627,,,4500,,,4,Negative,-9,-9,,6331.7192,,702.5171,,81,22.273,,22.047,0.356,,,7,113,,0.11,281122,,,,,,,,,,,,,,,,,,,,,,,,,,,,,,,,,,20140429-388,Sample,Instrument 1,P1-E8,,Success
,,,,,,,,,,,,,,,,,,,,,,242,,,Cpd 242: 1598.9345,,,,,,,,,,,,,,,,,,,,,,,,,Find by Molecular Feature,,1598.9345,1597.9263,1,,,20140429-388.d,22.66,,,2326,,,2,Negative,-1,-1,,1598.9345,,1597.9263,,80,22.277,,21.997,0.453,,,7,113,0.0162,0.03,78931,,,,,,,,,,,,,,,,,,,,,,,,,,,,,,,,,,20140429-388,Sample,Instrument 1,P1-E8,,Success
,,,,,,,,,,,,,,,,,,,,,,243,,,Cpd 243: 6346.7093,,,,,,,,,,,,,,,,,,,,,,,,,Find by Molecular Feature,,6352.6876,1587.1703,1,,,20140429-388.d,23.075,,,18932,,,13,Negative,-4,-4,,6346.7093,,1585.6701,,80,22.279,,21.848,0.56,,,7,113,,2.27,5734385,,,,,,,,,,,,,,,,,,,,,,,,,,,,,,,,,,20140429-388,Sample,Instrument 1,P1-E8,,Success
,,,,,,,,,,,,,,,,,,,,,,244,,,Cpd 244: 6345.7333,,,,,,,,,,,,,,,,,,,,,,,,,Find by Molecular Feature,,6352.2984,2116.2264,1,,,20140429-388.d,23.058,,,9582,,,13,Negative,-3,-3,,6345.7333,,2114.2372,,80,22.279,,21.914,0.557,,,7,113,,1.09,2759297,,,,,,,,,,,,,,,,,,,,,,,,,,,,,,,,,,20140429-388,Sample,Instrument 1,P1-E8,,Success
,,,,,,,,,,,,,,,,,,,,,,245,,,Cpd 245: 942.1246,,,,,,,,,,,,,,,,,,,,,,,,,Find by Molecular Feature,,942.4013,470.055,1,,,20140429-388.d,22.578,,,1153,,,2,Negative,-2,-2,,942.1246,,470.055,,75,22.279,,22.014,0.361,,,7,113,,0.01,32198,,,,,,,,,,,,,,,,,,,,,,,,,,,,,,,,,,20140429-388,Sample,Instrument 1,P1-E8,,Success
,,,,,,,,,,,,,,,,,,,,,,246,,,Cpd 246: 6276.8105,,,,,,,,,,,,,,,,,,,,,,,,,Find by Molecular Feature,,6278.5461,895.8206,2,,,20140429-388.d,22.777,,,4595,,,9,Negative,-7,-8,,6276.8105,,895.68,,100,22.285,,21.964,0.436,,,6,114,0.0006,0.3,766326,,,,,,,,,,,,,,,,,,,,,,,,,,,,,,,,,,20140429-388,Sample,Instrument 1,P1-E8,,Success
,,,,,,,,,,,,,,,,,,,,,,247,,,Cpd 247: 1302.1931,,,,,,,,,,,,,,,,,,,,,,,,,Find by Molecular Feature,,1302.604,433.0571,1,,,20140429-388.d,22.926,,,1102,,,2,Negative,-3,-3,,1302.1931,,433.0571,,80,22.286,,21.931,0.507,,,6,114,,0.02,46883,,,,,,,,,,,,,,,,,,,,,,,,,,,,,,,,,,20140429-388,Sample,Instrument 1,P1-E8,,Success
,,,,,,,,,,,,,,,,,,,,,,248,,,Cpd 248: 6329.7343,,,,,,,,,,,,,,,,,,,,,,,,,Find by Molecular Feature,,6333.1874,1581.9263,6,,,20140429-388.d,23.025,,,40553,,,51,Negative,-3,-8,,6329.7343,,1581.4263,,100,22.287,,21.881,0.495,,,6,114,0.0047,6.12,15483540,,,,,,,,,,,,,,,,,,,,,,,,,,,,,,,,,,20140429-388,Sample,Instrument 1,P1-E8,,Success
,,,,,,,,,,,,,,,,,,,,,,249,,,Cpd 249: 3138.4025,,,,,,,,,,,,,,,,,,,,,,,,,Find by Molecular Feature,,3139.2871,1045.4585,1,,,20140429-388.d,22.777,,,2997,,,3,Negative,-3,-3,,3138.4025,,1045.1269,,100,22.291,,21.98,0.457,,,6,114,,0.08,207552,,,,,,,,,,,,,,,,,,,,,,,,,,,,,,,,,,20140429-388,Sample,Instrument 1,P1-E8,,Success
,,,,,,,,,,,,,,,,,,,,,,250,,,Cpd 250: 347.0630,,,,,,,,,,,,,,,,,,,,,,,,,Find by Molecular Feature,,347.194,346.0557,1,,,20140429-388.d,23.141,,,2060,,,2,Negative,-1,-1,,347.063,,346.0557,,100,22.294,,21.765,0.681,,,6,114,,0.03,81630,,,,,,,,,,,,,,,,,,,,,,,,,,,,,,,,,,20140429-388,Sample,Instrument 1,P1-E8,,Success
,,,,,,,,,,,,,,,,,,,,,,251,,,Cpd 251: 973.1399,,,,,,,,,,,,,,,,,,,,,,,,,Find by Molecular Feature,,973.8843,485.5627,1,,,20140429-388.d,22.976,,,1406,,,3,Negative,-2,-2,,973.1399,,485.5627,,100,22.297,,21.898,0.588,,,6,114,,0.04,99112,,,,,,,,,,,,,,,,,,,,,,,,,,,,,,,,,,20140429-388,Sample,Instrument 1,P1-E8,,Success
,,,,,,,,,,,,,,,,,,,,,,252,,,Cpd 252: 443.0845,,,,,,,,,,,,,,,,,,,,,,,,,Find by Molecular Feature,,443.2765,442.0772,1,,,20140429-388.d,22.893,,,3383,,,2,Negative,-1,-1,,443.0845,,442.0772,,87,22.304,,21.682,0.563,,,4,115,,0.05,138548,,,,,,,,,,,,,,,,,,,,,,,,,,,,,,,,,,20140429-388,Sample,Instrument 1,P1-E8,,Success
,,,,,,,,,,,,,,,,,,,,,,253,,,Cpd 253: 499.0406,,,,,,,,,,,,,,,,,,,,,,,,,Find by Molecular Feature,,499.2966,498.0334,1,,,20140429-388.d,23.158,,,2306,,,2,Negative,-1,-1,,499.0406,,498.0334,,83.8,22.31,,21.815,0.624,,,4,115,,0.04,103635,,,,,,,,,,,,,,,,,,,,,,,,,,,,,,,,,,20140429-388,Sample,Instrument 1,P1-E8,,Success
,,,,,,,,,,,,,,,,,,,,,,254,,,Cpd 254: 6275.8062,,,,,,,,,,,,,,,,,,,,,,,,,Find by Molecular Feature,,6278.8343,1568.4458,3,,,20140429-388.d,23.025,,,14009,,,25,Negative,-3,-5,,6275.8062,,1567.9455,,98.7,22.312,,21.881,0.557,,,4,115,0.0107,1.62,4085262,,,,,,,,,,,,,,,,,,,,,,,,,,,,,,,,,,20140429-388,Sample,Instrument 1,P1-E8,,Success
,,,,,,,,,,,,,,,,,,,,,,255,,,Cpd 255: 385.0077,,,,,,,,,,,,,,,,,,,,,,,,,Find by Molecular Feature,,385.3265,384.0004,1,,,20140429-388.d,22.992,,,1642,,,2,Negative,-1,-1,,385.0077,,384.0004,,100,22.312,,21.732,0.616,,,4,115,,0.03,85704,,,,,,,,,,,,,,,,,,,,,,,,,,,,,,,,,,20140429-388,Sample,Instrument 1,P1-E8,,Success
,,,,,,,,,,,,,,,,,,,,,,256,,,Cpd 256: 1608.2194,,,,,,,,,,,,,,,,,,,,,,,,,Find by Molecular Feature,,1608.5807,535.066,2,,,20140429-388.d,22.959,,,1508,,,3,Negative,-3,-4,,1608.2194,,535.066,,80,22.326,,21.98,0.505,,,4,116,0.0184,0.03,67681,,,,,,,,,,,,,,,,,,,,,,,,,,,,,,,,,,20140429-388,Sample,Instrument 1,P1-E8,,Success
,,,,,,,,,,,,,,,,,,,,,,257,,,Cpd 257: 6163.7831,,,,,,,,,,,,,,,,,,,,,,,,,Find by Molecular Feature,,6165.5998,684.1911,1,,,20140429-388.d,22.876,,,7966,,,4,Negative,-9,-9,,6163.7831,,683.8575,,80,22.333,,21.964,0.472,,,4,116,,0.28,701662,,,,,,,,,,,,,,,,,,,,,,,,,,,,,,,,,,20140429-388,Sample,Instrument 1,P1-E8,,Success
,,,,,,,,,,,,,,,,,,,,,,258,,,Cpd 258: 6181.7584,,,,,,,,,,,,,,,,,,,,,,,,,Find by Molecular Feature,,6183.8873,1544.936,2,,,20140429-388.d,22.71,,,2643,,,10,Negative,-4,-5,,6181.7584,,1544.4325,,78.5,22.333,,22.03,0.426,,,4,116,0.0094,0.13,333726,,,,,,,,,,,,,,,,,,,,,,,,,,,,,,,,,,20140429-388,Sample,Instrument 1,P1-E8,,Success
,,,,,,,,,,,,,,,,,,,,,,259,,,Cpd 259: 6164.7801,,,,,,,,,,,,,,,,,,,,,,,,,Find by Molecular Feature,,6166.2192,769.7144,1,,,20140429-388.d,22.76,,,4526,,,4,Negative,-8,-8,,6164.7801,,769.5902,,80,22.336,,22.03,0.446,,,4,116,,0.18,455574,,,,,,,,,,,,,,,,,,,,,,,,,,,,,,,,,,20140429-388,Sample,Instrument 1,P1-E8,,Success
,,,,,,,,,,,,,,,,,,,,,,260,,,Cpd 260: 6291.7868,,,,,,,,,,,,,,,,,,,,,,,,,Find by Molecular Feature,,6295.0054,1572.4404,7,,,20140429-388.d,24.053,,,208351,,,74,Negative,-3,-9,,6291.7868,,1571.9401,,100,22.347,,21.765,0.581,,,4,117,0.0051,38.93,98426104,,,,,,,,,,,,,,,,,,,,,,,,,,,,,,,,,,20140429-388,Sample,Instrument 1,P1-E8,,Success
,,,,,,,,,,,,,,,,,,,,,,261,,,Cpd 261: 2131.6024,,,,,,,,,,,,,,,,,,,,,,,,,Find by Molecular Feature,,2131.9722,2130.5951,1,,,20140429-388.d,22.66,,,2163,,,2,Negative,-1,-1,,2131.6024,,2130.5951,,80,22.349,,21.997,0.46,,,4,117,,0.04,100906,,,,,,,,,,,,,,,,,,,,,,,,,,,,,,,,,,20140429-388,Sample,Instrument 1,P1-E8,,Success
,,,,,,,,,,,,,,,,,,,,,,262,,,Cpd 262: 6313.7680,,,,,,,,,,,,,,,,,,,,,,,,,Find by Molecular Feature,,6315.7267,1577.935,3,,,20140429-388.d,23.307,,,28568,,,16,Negative,-3,-5,,6313.768,,1577.4355,,80,22.351,,21.848,0.614,,,4,117,0.006,2.49,6297365,,,,,,,,,,,,,,,,,,,,,,,,,,,,,,,,,,20140429-388,Sample,Instrument 1,P1-E8,,Success
,,,,,,,,,,,,,,,,,,,,,,263,,,Cpd 263: 6314.7577,,,,,,,,,,,,,,,,,,,,,,,,,Find by Molecular Feature,,6317.1871,2104.2462,2,,,20140429-388.d,23.125,,,16049,,,13,Negative,-3,-6,,6314.7577,,2103.9118,,80,22.359,,21.898,0.621,,,4,117,0.0129,1.27,3203920,,,,,,,,,,,,,,,,,,,,,,,,,,,,,,,,,,20140429-388,Sample,Instrument 1,P1-E8,,Success
,,,,,,,,,,,,,,,,,,,,,,264,,,Cpd 264: 323.0527,,,,,,,,,,,,,,,,,,,,,,,,,Find by Molecular Feature,,323.2581,322.0454,1,,,20140429-388.d,23.174,,,1358,,,2,Negative,-1,-1,,323.0527,,322.0454,,72.3,22.636,,22.544,0.417,,,1,118,,0.01,24690,,,,,,,,,,,,,,,,,,,,,,,,,,,,,,,,,,20140429-388,Sample,Instrument 1,P1-E8,,Success
,,,,,,,,,,,,,,,,,,,,,,265,,,Cpd 265: 6066.7149,,,,,,,,,,,,,,,,,,,,,,,,,Find by Molecular Feature,,6069.5775,1516.1712,5,,,20140429-388.d,23.241,,,10316,,,30,Negative,-3,-7,,6066.7149,,1515.6732,,100,22.82,,22.461,0.33,,,4,119,0.0158,0.78,1964079,,,,,,,,,,,,,,,,,,,,,,,,,,,,,,,,,,20140429-388,Sample,Instrument 1,P1-E8,,Success
,,,,,,,,,,,,,,,,,,,,,,266,,,Cpd 266: 6089.7011,,,,,,,,,,,,,,,,,,,,,,,,,Find by Molecular Feature,,6091.2986,1521.6675,2,,,20140429-388.d,23.092,,,2274,,,8,Negative,-3,-4,,6089.7011,,1521.4189,,100,22.823,,22.627,0.262,,,4,119,0.012,0.07,182815,,,,,,,,,,,,,,,,,,,,,,,,,,,,,,,,,,20140429-388,Sample,Instrument 1,P1-E8,,Success
,,,,,,,,,,,,,,,,,,,,,,267,,,Cpd 267: 6049.7065,,,,,,,,,,,,,,,,,,,,,,,,,Find by Molecular Feature,,6051.3744,1511.9226,1,,,20140429-388.d,23.042,,,1732,,,4,Negative,-4,-4,,6049.7065,,1511.4194,,80,22.833,,22.627,0.254,,,4,119,,0.03,87265,,,,,,,,,,,,,,,,,,,,,,,,,,,,,,,,,,20140429-388,Sample,Instrument 1,P1-E8,,Success
,,,,,,,,,,,,,,,,,,,,,,268,,,Cpd 268: 6304.7959,,,,,,,,,,,,,,,,,,,,,,,,,Find by Molecular Feature,,6305.1313,2101.5909,2,,,20140429-388.d,23.125,,,1949,,,5,Negative,-3,-4,,6304.7959,,2100.5876,,80,22.835,,22.544,0.372,,,4,119,0.0127,0.07,173898,,,,,,,,,,,,,,,,,,,,,,,,,,,,,,,,,,20140429-388,Sample,Instrument 1,P1-E8,,Success
,,,,,,,,,,,,,,,,,,,,,,269,,,Cpd 269: 1048.4719,,,,,,,,,,,,,,,,,,,,,,,,,Find by Molecular Feature,,1048.4719,2095.9377,1,,,20140429-388.d,23.092,,,2322,,,2,Negative,-1,-1,,1048.4719,,2095.9377,,80,22.847,,22.644,0.269,,,2,120,0.0027,0.04,100538,,,,,,,,,,,,,,,,,,,,,,,,,,,,,,,,,,20140429-388,Sample,Instrument 1,P1-E8,,Success
,,,,,,,,,,,,,,,,,,,,,,270,,,Cpd 270: 6305.8074,,,,,,,,,,,,,,,,,,,,,,,,,Find by Molecular Feature,,6307.264,1575.6913,1,,,20140429-388.d,23.174,,,3677,,,4,Negative,-4,-4,,6305.8074,,1575.4446,,100,22.853,,22.412,0.382,,,2,120,,0.11,287748,,,,,,,,,,,,,,,,,,,,,,,,,,,,,,,,,,20140429-388,Sample,Instrument 1,P1-E8,,Success
,,,,,,,,,,,,,,,,,,,,,,271,,,Cpd 271: 6319.7770,,,,,,,,,,,,,,,,,,,,,,,,,Find by Molecular Feature,,6322.7657,1579.4389,6,,,20140429-388.d,23.622,,,29355,,,46,Negative,-3,-8,,6319.777,,1578.9373,,100,22.959,,22.312,0.434,,,2,121,0.0113,2.94,7427115,,,,,,,,,,,,,,,,,,,,,,,,,,,,,,,,,,20140429-388,Sample,Instrument 1,P1-E8,,Success
,,,,,,,,,,,,,,,,,,,,,,272,,,Cpd 272: 6341.7614,,,,,,,,,,,,,,,,,,,,,,,,,Find by Molecular Feature,,6344.8709,1584.9343,2,,,20140429-388.d,23.423,,,5881,,,14,Negative,-3,-4,,6341.7614,,1584.4347,,80,22.965,,22.412,0.395,,,2,121,0.0229,0.44,1100632,,,,,,,,,,,,,,,,,,,,,,,,,,,,,,,,,,20140429-388,Sample,Instrument 1,P1-E8,,Success
,,,,,,,,,,,,,,,,,,,,,,273,,,Cpd 273: 470.9526,,,,,,,,,,,,,,,,,,,,,,,,,Find by Molecular Feature,,471.109,469.9453,1,,,20140429-388.d,24.319,,,892,,,2,Negative,-1,-1,,470.9526,,469.9453,,74,24.153,,23.921,0.289,,,1,122,,0.01,17257,,,,,,,,,,,,,,,,,,,,,,,,,,,,,,,,,,20140429-388,Sample,Instrument 1,P1-E8,,Success
